,regions,tech,life,life_notes
0,CA,C_AHPHE_ELC_N,15.0,yrs
14,CA,C_AHPHE_ELC_R,20.0,yrs
17,CA,C_AHPST_ELC_N,15.0,yrs
31,CA,C_AHP_ELC_R,20.0,yrs
37,CA,C_CK_RANGEHE_ELC_N,12.0,yrs
44,CA,C_CK_RANGEHE_ELC_R,12.0,yrs
46,CA,C_CK_RANGEHE_NGA_N,12.0,yrs
53,CA,C_CK_RANGEHE_NGA_R,12.0,yrs
55,CA,C_CK_RANGEST_ELC_N,12.0,yrs
62,CA,C_CK_RANGEST_NGA_N,12.0,yrs
69,CA,C_CK_RANGE_ELC_R,12.0,yrs
71,CA,C_CK_RANGE_NGA_R,12.0,yrs
73,CA,C_GHPHE_ELC_N,14.0,yrs
87,CA,C_GHPHE_ELC_R,14.0,yrs
89,CA,C_GHPST_ELC_N,14.0,yrs
103,CA,C_GHP_ELC_R,14.0,yrs
107,CA,C_LT_8FTLEDHE_LFL_N,12.0,yrs
114,CA,C_LT_8FTLEDST_LFL_N,12.0,yrs
121,CA,C_LT_8FTLUMHE_LFL_N,24.0,yrs
128,CA,C_LT_8FTLUMST_LFL_N,24.0,yrs
135,CA,C_LT_8FTT8HE_LFL_N,6.0,yrs
142,CA,C_LT_8FTT8HOHE_LFL_N,5.0,yrs
149,CA,C_LT_8FTT8HOST_LFL_N,5.0,yrs
156,CA,C_LT_8FTT8HO_LFL_R,4.0,yrs
157,CA,C_LT_8FTT8ST_LFL_N,6.0,yrs
164,CA,C_LT_8FTT8_LFL_R,6.0,yrs
165,CA,C_LT_CFLHE_GSL_N,3.0,yrs
172,CA,C_LT_CFLST_GSL_N,3.0,yrs
179,CA,C_LT_CFL_GSL_R,3.0,yrs
180,CA,C_LT_HALST_RFL_N,2.0,yrs
187,CA,C_LT_HAL_RFL_R,2.0,yrs
188,CA,C_LT_HIRST_RFL_N,2.0,yrs
195,CA,C_LT_HIR_RFL_R,2.0,yrs
196,CA,C_LT_LEDHE_GSL_N,13.0,yrs
203,CA,C_LT_LEDHE_LFL_N,12.0,yrs
210,CA,C_LT_LEDHE_RFL_N,13.0,yrs
217,CA,C_LT_LEDST_GSL_N,13.0,yrs
224,CA,C_LT_LEDST_LFL_N,12.0,yrs
231,CA,C_LT_LEDST_RFL_N,13.0,yrs
238,CA,C_LT_LUMHE_HB_N,24.0,yrs
245,CA,C_LT_LUMHE_LB_N,24.0,yrs
252,CA,C_LT_LUMHE_LFL_N,24.0,yrs
259,CA,C_LT_LUMST_HB_N,24.0,yrs
266,CA,C_LT_LUMST_LB_N,24.0,yrs
273,CA,C_LT_LUMST_LFL_N,24.0,yrs
280,CA,C_LT_LUM_LFL_R,17.0,yrs
283,CA,C_LT_MERCST_HB_N,6.0,yrs
290,CA,C_LT_MERCST_LB_N,6.0,yrs
297,CA,C_LT_MERC_HB_R,6.0,yrs
298,CA,C_LT_MERC_LB_R,6.0,yrs
299,CA,C_LT_MTHALST_HB_N,4.0,yrs
306,CA,C_LT_MTHALST_LB_N,4.0,yrs
313,CA,C_LT_MTHAL_HB_R,4.0,yrs
314,CA,C_LT_MTHAL_LB_R,4.0,yrs
315,CA,C_LT_NAVAPST_HB_N,6.0,yrs
322,CA,C_LT_NAVAPST_LB_N,6.0,yrs
329,CA,C_LT_NAVAP_HB_R,6.0,yrs
330,CA,C_LT_NAVAP_LB_R,6.0,yrs
331,CA,C_LT_T5HE_LFL_N,8.0,yrs
338,CA,C_LT_T5HOHE_HB_N,7.0,yrs
345,CA,C_LT_T5HOST_HB_N,7.0,yrs
352,CA,C_LT_T5HO_HB_R,6.0,yrs
353,CA,C_LT_T5ST_LFL_N,8.0,yrs
360,CA,C_LT_T5_LFL_R,7.0,yrs
362,CA,C_LT_T8HE_LFL_N,6.0,yrs
369,CA,C_LT_T8ST_LFL_N,6.0,yrs
376,CA,C_LT_T8_LFL_R,6.0,yrs
377,CA,C_OW_DSL_N,25.0,yrs
384,CA,C_OW_DSL_R,25.0,yrs
387,CA,C_OW_ELC_N,25.0,yrs
394,CA,C_OW_ELC_R,25.0,yrs
397,CA,C_OW_NGA_N,25.0,yrs
404,CA,C_OW_NGA_R,25.0,yrs
407,CA,C_RF_BVMHE_ELC_N,10.0,yrs
414,CA,C_RF_BVMHE_ELC_R,10.0,yrs
416,CA,C_RF_BVMST_ELC_N,10.0,yrs
423,CA,C_RF_BVM_ELC_R,10.0,yrs
425,CA,C_RF_CENHE_ELC_N,10.0,yrs
432,CA,C_RF_CENST_ELC_N,10.0,yrs
439,CA,C_RF_CEN_ELC_R,10.0,yrs
441,CA,C_RF_CMPHE_ELC_N,15.0,yrs
448,CA,C_RF_CMPST_ELC_N,15.0,yrs
455,CA,C_RF_CMP_ELC_R,15.0,yrs
457,CA,C_RF_CNDHE_ELC_N,10.0,yrs
464,CA,C_RF_CNDST_ELC_N,10.0,yrs
471,CA,C_RF_CND_ELC_R,10.0,yrs
473,CA,C_RF_ICMHE_ELC_N,8.0,yrs
480,CA,C_RF_ICMST_ELC_N,8.0,yrs
487,CA,C_RF_ICM_ELC_R,8.0,yrs
489,CA,C_RF_RIFHE_ELC_N,10.0,yrs
496,CA,C_RF_RIFHE_ELC_R,10.0,yrs
498,CA,C_RF_RIFST_ELC_N,10.0,yrs
505,CA,C_RF_RIF_ELC_R,10.0,yrs
507,CA,C_RF_RIRHE_ELC_N,10.0,yrs
514,CA,C_RF_RIRHE_ELC_R,10.0,yrs
516,CA,C_RF_RIRST_ELC_N,10.0,yrs
523,CA,C_RF_RIR_ELC_R,10.0,yrs
525,CA,C_RF_RVMHE_ELC_N,14.0,yrs
532,CA,C_RF_RVMST_ELC_N,14.0,yrs
539,CA,C_RF_RVM_ELC_R,14.0,yrs
541,CA,C_RF_WIFHE_ELC_N,10.0,yrs
548,CA,C_RF_WIFHE_ELC_R,10.0,yrs
550,CA,C_RF_WIFST_ELC_N,10.0,yrs
557,CA,C_RF_WIF_ELC_R,10.0,yrs
559,CA,C_RF_WIRHE_ELC_N,12.0,yrs
566,CA,C_RF_WIRHE_ELC_R,12.0,yrs
568,CA,C_RF_WIRST_ELC_N,12.0,yrs
575,CA,C_RF_WIR_ELC_R,12.0,yrs
577,CA,C_SC_CCCHE_ELC_N,25.0,yrs
584,CA,C_SC_CCCHE_ELC_R,25.0,yrs
587,CA,C_SC_CCCST_ELC_N,25.0,yrs
594,CA,C_SC_CCC_ELC_R,25.0,yrs
597,CA,C_SC_CHA_NGA_N,23.0,yrs
604,CA,C_SC_CHA_NGA_R,23.0,yrs
607,CA,C_SC_CHEDAHE_N,25.0,yrs
614,CA,C_SC_CHEDA_R,25.0,yrs
617,CA,C_SC_CRCHE_ELC_N,20.0,yrs
624,CA,C_SC_CRCHE_ELC_R,20.0,yrs
627,CA,C_SC_CRCST_ELC_N,20.0,yrs
634,CA,C_SC_CRC_ELC_R,20.0,yrs
637,CA,C_SC_CSCHE_ELC_N,20.0,yrs
644,CA,C_SC_CSCHE_ELC_R,20.0,yrs
647,CA,C_SC_CSCST_ELC_N,20.0,yrs
654,CA,C_SC_CSC_ELC_R,20.0,yrs
657,CA,C_SC_CSWHE_ELC_N,20.0,yrs
664,CA,C_SC_CSWHE_ELC_R,20.0,yrs
667,CA,C_SC_CSWST_ELC_N,20.0,yrs
674,CA,C_SC_CSW_ELC_R,20.0,yrs
677,CA,C_SC_RACHE_ELC_N,21.0,yrs
684,CA,C_SC_RACHE_ELC_R,21.0,yrs
687,CA,C_SC_RACST_ELC_N,21.0,yrs
694,CA,C_SC_RACST_NGA_N,15.0,yrs
701,CA,C_SC_RAC_ELC_R,21.0,yrs
704,CA,C_SC_RAC_NGA_R,15.0,yrs
706,CA,C_SH_BHE_DISTOIL_N,26.0,yrs
713,CA,C_SH_BHE_DISTOIL_R,30.0,yrs
716,CA,C_SH_BHE_NGA_N,25.0,yrs
723,CA,C_SH_BHE_NGA_R,25.0,yrs
726,CA,C_SH_BST_DISTOIL_N,26.0,yrs
733,CA,C_SH_BST_ELC_N,15.0,yrs
740,CA,C_SH_BST_NGA_N,25.0,yrs
747,CA,C_SH_B_DISTOIL_R,30.0,yrs
750,CA,C_SH_B_ELC_R,15.0,yrs
752,CA,C_SH_B_NGA_R,30.0,yrs
755,CA,C_SH_ERST_ELC_N,18.0,yrs
762,CA,C_SH_ER_ELC_R,18.0,yrs
765,CA,C_SH_FHE_NGA_N,23.0,yrs
772,CA,C_SH_FHE_NGA_R,23.0,yrs
775,CA,C_SH_FST_DISTOIL_N,23.0,yrs
782,CA,C_SH_FST_NGA_N,23.0,yrs
789,CA,C_SH_F_DISTOIL_R,23.0,yrs
792,CA,C_SH_F_NGA_R,23.0,yrs
795,CA,C_VT_CAVHE_ELC_N,20.0,yrs
802,CA,C_VT_CAVST_ELC_N,20.0,yrs
809,CA,C_VT_CAV_ELC_R,20.0,yrs
812,CA,C_VT_VAVHE_ELC_N,20.0,yrs
819,CA,C_VT_VAVST_ELC_N,20.0,yrs
826,CA,C_VT_VAV_ELC_R,20.0,yrs
829,CA,C_WH_DWHHE_DISTOIL_N,13.0,yrs
836,CA,C_WH_DWHHE_DISTOIL_R,13.0,yrs
838,CA,C_WH_DWHST_DISTOIL_N,13.0,yrs
845,CA,C_WH_DWH_DISTOIL_R,13.0,yrs
847,CA,C_WH_EWHST_ELC_N,12.0,yrs
854,CA,C_WH_HPST_ELC_N,15.0,yrs
861,CA,C_WH_HP_ELC_R,15.0,yrs
863,CA,C_WH_NWHHE_NGA_N,10.0,yrs
870,CA,C_WH_NWHHE_NGA_R,10.0,yrs
872,CA,C_WH_NWHST_NGA_N,10.0,yrs
879,CA,C_WH_NWH_NGA_R,13.0,yrs
881,CA,C_WH_SOLST_ELC_N,20.0,yrs
888,CA,C_WH_SOLST_ELC_R,20.0,yrs
891,CA,C_WH_SOL_ELC_R,20.0,yrs
894,CA,R_CD_ELC_R,13.0,yrs
896,CA,R_CD_HE_ELC_N,13.0,yrs
903,CA,R_CD_HE_NGA_N,13.0,yrs
910,CA,R_CD_NGA_R,13.0,yrs
912,CA,R_CD_ST_ELC_N,13.0,yrs
919,CA,R_CD_ST_NGA_N,13.0,yrs
926,CA,R_CK_OVHE_NGA_N,12.0,yrs
933,CA,R_CK_OVST_NGA_N,12.0,yrs
940,CA,R_CK_OV_NGA_R,12.0,yrs
942,CA,R_CK_TOPHE_ELC_N,19.0,yrs
949,CA,R_CK_TOPHE_NGA_N,12.0,yrs
956,CA,R_CK_TOPST_ELC_N,15.0,yrs
963,CA,R_CK_TOPST_NGA_N,12.0,yrs
970,CA,R_CK_TOP_ELC_R,15.0,yrs
972,CA,R_CK_TOP_NGA_R,12.0,yrs
974,CA,R_DW_ELC_R,14.0,yrs
976,CA,R_DW_HE_ELC_N,14.0,yrs
983,CA,R_DW_ST_ELC_N,14.0,yrs
990,CA,R_FZ_CHESTHE_N,22.0,yrs
997,CA,R_FZ_CHESTST_N,22.0,yrs
1004,CA,R_FZ_CHEST_R,22.0,yrs
1007,CA,R_FZ_UPRIGHTHE_N,22.0,yrs
1014,CA,R_FZ_UPRIGHTST_N,22.0,yrs
1021,CA,R_FZ_UPRIGHT_R,22.0,yrs
1024,CA,R_HPELC_R,15.0,yrs
1032,CA,R_HPHE_ELC_N,15.0,yrs
1060,CA,R_HPHE_GEO_N,14.0,yrs
1088,CA,R_HPST_ELC_N,15.0,yrs
1116,CA,R_HPST_GEO_N,14.0,yrs
1144,CA,R_HPST_NGA_N,15.0,yrs
1151,CA,R_HP_GEO_R,14.0,yrs
1159,CA,R_HP_NGA_N,15.0,yrs
1166,CA,R_HP_NGA_R,15.0,yrs
1170,CA,R_LT_CFLHE_GSL_N,17.0,yrs
1177,CA,R_LT_CFLHE_RFL_N,17.0,yrs
1184,CA,R_LT_CFLST_GSL_N,17.0,yrs
1191,CA,R_LT_CFLST_RFL_N,17.0,yrs
1198,CA,R_LT_CFLST_ROL_N,10.0,yrs
1205,CA,R_LT_CFL_GSL_R,15.0,yrs
1207,CA,R_LT_CFL_RFL_R,12.0,yrs
1209,CA,R_LT_CFL_ROL_R,9.0,yrs
1211,CA,R_LT_HALST_RFL_N,2.0,yrs
1218,CA,R_LT_HALST_ROL_N,2.0,yrs
1225,CA,R_LT_HAL_RFL_R,2.0,yrs
1226,CA,R_LT_HAL_ROL_R,2.0,yrs
1227,CA,R_LT_HIRST_RFL_N,7.0,yrs
1234,CA,R_LT_HIRST_ROL_N,4.0,yrs
1241,CA,R_LT_HIR_RFL_R,6.0,yrs
1242,CA,R_LT_INCST_RFL_N,3.0,yrs
1249,CA,R_LT_INCST_ROL_N,2.0,yrs
1256,CA,R_LT_INC_RFL_R,3.0,yrs
1257,CA,R_LT_INC_ROL_R,2.0,yrs
1258,CA,R_LT_LED60HE_GSL_N,76.0,yrs
1265,CA,R_LT_LED60ST_GSL_N,76.0,yrs
1272,CA,R_LT_LED60_GSL_R,31.0,yrs
1275,CA,R_LT_LEDHE_LUM_N,145.0,yrs
1282,CA,R_LT_LEDHE_RFL_N,77.0,yrs
1289,CA,R_LT_LEDHE_ROL_N,47.0,yrs
1296,CA,R_LT_LEDST_LUM_N,145.0,yrs
1303,CA,R_LT_LEDST_RFL_N,77.0,yrs
1310,CA,R_LT_LEDST_ROL_N,47.0,yrs
1317,CA,R_LT_LLRHE_L2L_N,73.0,yrs
1324,CA,R_LT_LLRST_L2L_N,73.0,yrs
1331,CA,R_LT_T5HE_LFL_N,47.0,yrs
1338,CA,R_LT_T5ST_LFL_N,47.0,yrs
1345,CA,R_LT_T8HE_LFL_N,38.0,yrs
1352,CA,R_LT_T8ST_LFL_N,34.0,yrs
1359,CA,R_LT_T8_LFL_R,29.0,yrs
1362,CA,R_OW_ELC_N,25.0,yrs
1369,CA,R_OW_ELC_R,25.0,yrs
1372,CA,R_RF_BFELC_R,17.0,yrs
1375,CA,R_RF_BFHE_ELC_N,17.0,yrs
1382,CA,R_RF_BFST_ELC_N,17.0,yrs
1389,CA,R_RF_SFELC_R,17.0,yrs
1392,CA,R_RF_SFHE_ELC_N,17.0,yrs
1399,CA,R_RF_SFST_ELC_N,17.0,yrs
1406,CA,R_RF_TFELC_R,17.0,yrs
1409,CA,R_RF_TFHE_ELC_N,17.0,yrs
1416,CA,R_RF_TFST_ELC_N,17.0,yrs
1423,CA,R_SC_CACELC_R,18.0,yrs
1429,CA,R_SC_CACHE_ELC_N,18.0,yrs
1443,CA,R_SC_CACST_ELC_N,18.0,yrs
1457,CA,R_SC_RACELC_R,9.0,yrs
1461,CA,R_SC_RACHE_ELC_N,9.0,yrs
1475,CA,R_SC_RACST_ELC_N,9.0,yrs
1489,CA,R_SH_BLRHE_DISTOIL_N,23.0,yrs
1496,CA,R_SH_BLRHE_NGA_N,25.0,yrs
1503,CA,R_SH_BLRST_DISTOIL_N,23.0,yrs
1510,CA,R_SH_BLRST_NGA_N,25.0,yrs
1517,CA,R_SH_BLR_DISTOIL_R,23.0,yrs
1520,CA,R_SH_BLR_NGA_R,25.0,yrs
1523,CA,R_SH_FDISTOIL_R,26.0,yrs
1526,CA,R_SH_FHE_DISTOIL_N,26.0,yrs
1533,CA,R_SH_FHE_NGA_N,21.0,yrs
1540,CA,R_SH_FLPG_R,21.0,yrs
1543,CA,R_SH_FNGA_R,21.0,yrs
1546,CA,R_SH_FST_DISTOIL_N,26.0,yrs
1553,CA,R_SH_FST_ELC_N,22.0,yrs
1560,CA,R_SH_FST_LPG_N,21.0,yrs
1567,CA,R_SH_FST_NGA_N,21.0,yrs
1574,CA,R_SH_F_ELC_R,22.0,yrs
1577,CA,R_SH_PLTHE_BIO_N,25.0,yrs
1584,CA,R_SH_PLTST_BIO_N,25.0,yrs
1591,CA,R_SH_RESST_ELC_N,22.0,yrs
1598,CA,R_SH_RES_ELC_R,22.0,yrs
1601,CA,R_SH_WHBIO_R,18.0,yrs
1604,CA,R_SH_WHHE_BIO_N,18.0,yrs
1611,CA,R_SH_WHST_BIO_N,18.0,yrs
1618,CA,R_WH_ELC_R,13.0,yrs
1622,CA,R_WH_ERHE_ELC_N,13.0,yrs
1636,CA,R_WH_ERST_ELC_N,13.0,yrs
1650,CA,R_WH_GFHE_NGA_N,13.0,yrs
1657,CA,R_WH_GFST_NGA_N,13.0,yrs
1664,CA,R_WH_GF_NGA_R,13.0,yrs
1666,CA,R_WH_HPHE_ELC_N,13.0,yrs
1673,CA,R_WH_HPST_ELC_N,13.0,yrs
1680,CA,R_WH_OFHE_DISTOIL_N,13.0,yrs
1687,CA,R_WH_OFST_DISTOIL_N,13.0,yrs
1694,CA,R_WH_OF_DISTOIL_R,13.0,yrs
1696,CA,R_WH_SOLELC_R,22.0,yrs
1702,CA,R_WH_SOLST_ELC_N,22.0,yrs
1716,NW,C_AHPHE_ELC_N,15.0,yrs
1730,NW,C_AHPHE_ELC_R,20.0,yrs
1733,NW,C_AHPST_ELC_N,15.0,yrs
1747,NW,C_AHP_ELC_R,20.0,yrs
1753,NW,C_CK_RANGEHE_ELC_N,12.0,yrs
1760,NW,C_CK_RANGEHE_ELC_R,12.0,yrs
1762,NW,C_CK_RANGEHE_NGA_N,12.0,yrs
1769,NW,C_CK_RANGEHE_NGA_R,12.0,yrs
1771,NW,C_CK_RANGEST_ELC_N,12.0,yrs
1778,NW,C_CK_RANGEST_NGA_N,12.0,yrs
1785,NW,C_CK_RANGE_ELC_R,12.0,yrs
1787,NW,C_CK_RANGE_NGA_R,12.0,yrs
1789,NW,C_GHPHE_ELC_N,14.0,yrs
1803,NW,C_GHPHE_ELC_R,14.0,yrs
1805,NW,C_GHPST_ELC_N,14.0,yrs
1819,NW,C_GHP_ELC_R,14.0,yrs
1823,NW,C_LT_8FTLEDHE_LFL_N,12.0,yrs
1830,NW,C_LT_8FTLEDST_LFL_N,12.0,yrs
1837,NW,C_LT_8FTLUMHE_LFL_N,24.0,yrs
1844,NW,C_LT_8FTLUMST_LFL_N,24.0,yrs
1851,NW,C_LT_8FTT8HE_LFL_N,6.0,yrs
1858,NW,C_LT_8FTT8HOHE_LFL_N,5.0,yrs
1865,NW,C_LT_8FTT8HOST_LFL_N,5.0,yrs
1872,NW,C_LT_8FTT8HO_LFL_R,4.0,yrs
1873,NW,C_LT_8FTT8ST_LFL_N,6.0,yrs
1880,NW,C_LT_8FTT8_LFL_R,6.0,yrs
1881,NW,C_LT_CFLHE_GSL_N,3.0,yrs
1888,NW,C_LT_CFLST_GSL_N,3.0,yrs
1895,NW,C_LT_CFL_GSL_R,3.0,yrs
1896,NW,C_LT_HALST_RFL_N,2.0,yrs
1903,NW,C_LT_HAL_RFL_R,2.0,yrs
1904,NW,C_LT_HIRST_RFL_N,2.0,yrs
1911,NW,C_LT_HIR_RFL_R,2.0,yrs
1912,NW,C_LT_LEDHE_GSL_N,13.0,yrs
1919,NW,C_LT_LEDHE_LFL_N,12.0,yrs
1926,NW,C_LT_LEDHE_RFL_N,13.0,yrs
1933,NW,C_LT_LEDST_GSL_N,13.0,yrs
1940,NW,C_LT_LEDST_LFL_N,12.0,yrs
1947,NW,C_LT_LEDST_RFL_N,13.0,yrs
1954,NW,C_LT_LUMHE_HB_N,24.0,yrs
1961,NW,C_LT_LUMHE_LB_N,24.0,yrs
1968,NW,C_LT_LUMHE_LFL_N,24.0,yrs
1975,NW,C_LT_LUMST_HB_N,24.0,yrs
1982,NW,C_LT_LUMST_LB_N,24.0,yrs
1989,NW,C_LT_LUMST_LFL_N,24.0,yrs
1996,NW,C_LT_LUM_LFL_R,17.0,yrs
1999,NW,C_LT_MERCST_HB_N,6.0,yrs
2006,NW,C_LT_MERCST_LB_N,6.0,yrs
2013,NW,C_LT_MERC_HB_R,6.0,yrs
2014,NW,C_LT_MERC_LB_R,6.0,yrs
2015,NW,C_LT_MTHALST_HB_N,4.0,yrs
2022,NW,C_LT_MTHALST_LB_N,4.0,yrs
2029,NW,C_LT_MTHAL_HB_R,4.0,yrs
2030,NW,C_LT_MTHAL_LB_R,4.0,yrs
2031,NW,C_LT_NAVAPST_HB_N,6.0,yrs
2038,NW,C_LT_NAVAPST_LB_N,6.0,yrs
2045,NW,C_LT_NAVAP_HB_R,6.0,yrs
2046,NW,C_LT_NAVAP_LB_R,6.0,yrs
2047,NW,C_LT_T5HE_LFL_N,8.0,yrs
2054,NW,C_LT_T5HOHE_HB_N,7.0,yrs
2061,NW,C_LT_T5HOST_HB_N,7.0,yrs
2068,NW,C_LT_T5HO_HB_R,6.0,yrs
2069,NW,C_LT_T5ST_LFL_N,8.0,yrs
2076,NW,C_LT_T5_LFL_R,7.0,yrs
2078,NW,C_LT_T8HE_LFL_N,6.0,yrs
2085,NW,C_LT_T8ST_LFL_N,6.0,yrs
2092,NW,C_LT_T8_LFL_R,6.0,yrs
2093,NW,C_OW_DSL_N,25.0,yrs
2100,NW,C_OW_DSL_R,25.0,yrs
2103,NW,C_OW_ELC_N,25.0,yrs
2110,NW,C_OW_ELC_R,25.0,yrs
2113,NW,C_OW_NGA_N,25.0,yrs
2120,NW,C_OW_NGA_R,25.0,yrs
2123,NW,C_RF_BVMHE_ELC_N,10.0,yrs
2130,NW,C_RF_BVMHE_ELC_R,10.0,yrs
2132,NW,C_RF_BVMST_ELC_N,10.0,yrs
2139,NW,C_RF_BVM_ELC_R,10.0,yrs
2141,NW,C_RF_CENHE_ELC_N,10.0,yrs
2148,NW,C_RF_CENST_ELC_N,10.0,yrs
2155,NW,C_RF_CEN_ELC_R,10.0,yrs
2157,NW,C_RF_CMPHE_ELC_N,15.0,yrs
2164,NW,C_RF_CMPST_ELC_N,15.0,yrs
2171,NW,C_RF_CMP_ELC_R,15.0,yrs
2173,NW,C_RF_CNDHE_ELC_N,10.0,yrs
2180,NW,C_RF_CNDST_ELC_N,10.0,yrs
2187,NW,C_RF_CND_ELC_R,10.0,yrs
2189,NW,C_RF_ICMHE_ELC_N,8.0,yrs
2196,NW,C_RF_ICMST_ELC_N,8.0,yrs
2203,NW,C_RF_ICM_ELC_R,8.0,yrs
2205,NW,C_RF_RIFHE_ELC_N,10.0,yrs
2212,NW,C_RF_RIFHE_ELC_R,10.0,yrs
2214,NW,C_RF_RIFST_ELC_N,10.0,yrs
2221,NW,C_RF_RIF_ELC_R,10.0,yrs
2223,NW,C_RF_RIRHE_ELC_N,10.0,yrs
2230,NW,C_RF_RIRHE_ELC_R,10.0,yrs
2232,NW,C_RF_RIRST_ELC_N,10.0,yrs
2239,NW,C_RF_RIR_ELC_R,10.0,yrs
2241,NW,C_RF_RVMHE_ELC_N,14.0,yrs
2248,NW,C_RF_RVMST_ELC_N,14.0,yrs
2255,NW,C_RF_RVM_ELC_R,14.0,yrs
2257,NW,C_RF_WIFHE_ELC_N,10.0,yrs
2264,NW,C_RF_WIFHE_ELC_R,10.0,yrs
2266,NW,C_RF_WIFST_ELC_N,10.0,yrs
2273,NW,C_RF_WIF_ELC_R,10.0,yrs
2275,NW,C_RF_WIRHE_ELC_N,12.0,yrs
2282,NW,C_RF_WIRHE_ELC_R,12.0,yrs
2284,NW,C_RF_WIRST_ELC_N,12.0,yrs
2291,NW,C_RF_WIR_ELC_R,12.0,yrs
2293,NW,C_SC_CCCHE_ELC_N,25.0,yrs
2300,NW,C_SC_CCCHE_ELC_R,25.0,yrs
2303,NW,C_SC_CCCST_ELC_N,25.0,yrs
2310,NW,C_SC_CCC_ELC_R,25.0,yrs
2313,NW,C_SC_CHA_NGA_N,23.0,yrs
2320,NW,C_SC_CHA_NGA_R,23.0,yrs
2323,NW,C_SC_CHEDAHE_N,25.0,yrs
2330,NW,C_SC_CHEDA_R,25.0,yrs
2333,NW,C_SC_CRCHE_ELC_N,20.0,yrs
2340,NW,C_SC_CRCHE_ELC_R,20.0,yrs
2343,NW,C_SC_CRCST_ELC_N,20.0,yrs
2350,NW,C_SC_CRC_ELC_R,20.0,yrs
2353,NW,C_SC_CSCHE_ELC_N,20.0,yrs
2360,NW,C_SC_CSCHE_ELC_R,20.0,yrs
2363,NW,C_SC_CSCST_ELC_N,20.0,yrs
2370,NW,C_SC_CSC_ELC_R,20.0,yrs
2373,NW,C_SC_CSWHE_ELC_N,20.0,yrs
2380,NW,C_SC_CSWHE_ELC_R,20.0,yrs
2383,NW,C_SC_CSWST_ELC_N,20.0,yrs
2390,NW,C_SC_CSW_ELC_R,20.0,yrs
2393,NW,C_SC_RACHE_ELC_N,21.0,yrs
2400,NW,C_SC_RACHE_ELC_R,21.0,yrs
2403,NW,C_SC_RACST_ELC_N,21.0,yrs
2410,NW,C_SC_RACST_NGA_N,15.0,yrs
2417,NW,C_SC_RAC_ELC_R,21.0,yrs
2420,NW,C_SC_RAC_NGA_R,15.0,yrs
2422,NW,C_SH_BHE_DISTOIL_N,26.0,yrs
2429,NW,C_SH_BHE_DISTOIL_R,30.0,yrs
2432,NW,C_SH_BHE_NGA_N,25.0,yrs
2439,NW,C_SH_BHE_NGA_R,25.0,yrs
2442,NW,C_SH_BST_DISTOIL_N,26.0,yrs
2449,NW,C_SH_BST_ELC_N,15.0,yrs
2456,NW,C_SH_BST_NGA_N,25.0,yrs
2463,NW,C_SH_B_DISTOIL_R,30.0,yrs
2466,NW,C_SH_B_ELC_R,15.0,yrs
2468,NW,C_SH_B_NGA_R,30.0,yrs
2471,NW,C_SH_ERST_ELC_N,18.0,yrs
2478,NW,C_SH_ER_ELC_R,18.0,yrs
2481,NW,C_SH_FHE_NGA_N,23.0,yrs
2488,NW,C_SH_FHE_NGA_R,23.0,yrs
2491,NW,C_SH_FST_DISTOIL_N,23.0,yrs
2498,NW,C_SH_FST_NGA_N,23.0,yrs
2505,NW,C_SH_F_DISTOIL_R,23.0,yrs
2508,NW,C_SH_F_NGA_R,23.0,yrs
2511,NW,C_VT_CAVHE_ELC_N,20.0,yrs
2518,NW,C_VT_CAVST_ELC_N,20.0,yrs
2525,NW,C_VT_CAV_ELC_R,20.0,yrs
2528,NW,C_VT_VAVHE_ELC_N,20.0,yrs
2535,NW,C_VT_VAVST_ELC_N,20.0,yrs
2542,NW,C_VT_VAV_ELC_R,20.0,yrs
2545,NW,C_WH_DWHHE_DISTOIL_N,13.0,yrs
2552,NW,C_WH_DWHHE_DISTOIL_R,13.0,yrs
2554,NW,C_WH_DWHST_DISTOIL_N,13.0,yrs
2561,NW,C_WH_DWH_DISTOIL_R,13.0,yrs
2563,NW,C_WH_EWHST_ELC_N,12.0,yrs
2570,NW,C_WH_HPST_ELC_N,15.0,yrs
2577,NW,C_WH_HP_ELC_R,15.0,yrs
2579,NW,C_WH_NWHHE_NGA_N,10.0,yrs
2586,NW,C_WH_NWHHE_NGA_R,10.0,yrs
2588,NW,C_WH_NWHST_NGA_N,10.0,yrs
2595,NW,C_WH_NWH_NGA_R,13.0,yrs
2597,NW,C_WH_SOLST_ELC_N,20.0,yrs
2604,NW,C_WH_SOLST_ELC_R,20.0,yrs
2607,NW,C_WH_SOL_ELC_R,20.0,yrs
2610,NW,R_CD_ELC_R,13.0,yrs
2612,NW,R_CD_HE_ELC_N,13.0,yrs
2619,NW,R_CD_HE_NGA_N,13.0,yrs
2626,NW,R_CD_NGA_R,13.0,yrs
2628,NW,R_CD_ST_ELC_N,13.0,yrs
2635,NW,R_CD_ST_NGA_N,13.0,yrs
2642,NW,R_CK_OVHE_NGA_N,12.0,yrs
2649,NW,R_CK_OVST_NGA_N,12.0,yrs
2656,NW,R_CK_OV_NGA_R,12.0,yrs
2658,NW,R_CK_TOPHE_ELC_N,19.0,yrs
2665,NW,R_CK_TOPHE_NGA_N,12.0,yrs
2672,NW,R_CK_TOPST_ELC_N,15.0,yrs
2679,NW,R_CK_TOPST_NGA_N,12.0,yrs
2686,NW,R_CK_TOP_ELC_R,15.0,yrs
2688,NW,R_CK_TOP_NGA_R,12.0,yrs
2690,NW,R_DW_ELC_R,14.0,yrs
2692,NW,R_DW_HE_ELC_N,14.0,yrs
2699,NW,R_DW_ST_ELC_N,14.0,yrs
2706,NW,R_FZ_CHESTHE_N,22.0,yrs
2713,NW,R_FZ_CHESTST_N,22.0,yrs
2720,NW,R_FZ_CHEST_R,22.0,yrs
2723,NW,R_FZ_UPRIGHTHE_N,22.0,yrs
2730,NW,R_FZ_UPRIGHTST_N,22.0,yrs
2737,NW,R_FZ_UPRIGHT_R,22.0,yrs
2740,NW,R_HPELC_R,15.0,yrs
2748,NW,R_HPHE_ELC_N,15.0,yrs
2776,NW,R_HPHE_GEO_N,14.0,yrs
2804,NW,R_HPST_ELC_N,15.0,yrs
2832,NW,R_HPST_GEO_N,14.0,yrs
2860,NW,R_HPST_NGA_N,15.0,yrs
2867,NW,R_HP_GEO_R,14.0,yrs
2875,NW,R_HP_NGA_N,15.0,yrs
2882,NW,R_HP_NGA_R,15.0,yrs
2886,NW,R_LT_CFLHE_GSL_N,17.0,yrs
2893,NW,R_LT_CFLHE_RFL_N,17.0,yrs
2900,NW,R_LT_CFLST_GSL_N,17.0,yrs
2907,NW,R_LT_CFLST_RFL_N,17.0,yrs
2914,NW,R_LT_CFLST_ROL_N,10.0,yrs
2921,NW,R_LT_CFL_GSL_R,15.0,yrs
2923,NW,R_LT_CFL_RFL_R,12.0,yrs
2925,NW,R_LT_CFL_ROL_R,9.0,yrs
2927,NW,R_LT_HALST_RFL_N,2.0,yrs
2934,NW,R_LT_HALST_ROL_N,2.0,yrs
2941,NW,R_LT_HAL_RFL_R,2.0,yrs
2942,NW,R_LT_HAL_ROL_R,2.0,yrs
2943,NW,R_LT_HIRST_RFL_N,7.0,yrs
2950,NW,R_LT_HIRST_ROL_N,4.0,yrs
2957,NW,R_LT_HIR_RFL_R,6.0,yrs
2958,NW,R_LT_INCST_RFL_N,3.0,yrs
2965,NW,R_LT_INCST_ROL_N,2.0,yrs
2972,NW,R_LT_INC_RFL_R,3.0,yrs
2973,NW,R_LT_INC_ROL_R,2.0,yrs
2974,NW,R_LT_LED60HE_GSL_N,76.0,yrs
2981,NW,R_LT_LED60ST_GSL_N,76.0,yrs
2988,NW,R_LT_LED60_GSL_R,31.0,yrs
2991,NW,R_LT_LEDHE_LUM_N,145.0,yrs
2998,NW,R_LT_LEDHE_RFL_N,77.0,yrs
3005,NW,R_LT_LEDHE_ROL_N,47.0,yrs
3012,NW,R_LT_LEDST_LUM_N,145.0,yrs
3019,NW,R_LT_LEDST_RFL_N,77.0,yrs
3026,NW,R_LT_LEDST_ROL_N,47.0,yrs
3033,NW,R_LT_LLRHE_L2L_N,73.0,yrs
3040,NW,R_LT_LLRST_L2L_N,73.0,yrs
3047,NW,R_LT_T5HE_LFL_N,47.0,yrs
3054,NW,R_LT_T5ST_LFL_N,47.0,yrs
3061,NW,R_LT_T8HE_LFL_N,38.0,yrs
3068,NW,R_LT_T8ST_LFL_N,34.0,yrs
3075,NW,R_LT_T8_LFL_R,29.0,yrs
3078,NW,R_OW_ELC_N,25.0,yrs
3085,NW,R_OW_ELC_R,25.0,yrs
3088,NW,R_RF_BFELC_R,17.0,yrs
3091,NW,R_RF_BFHE_ELC_N,17.0,yrs
3098,NW,R_RF_BFST_ELC_N,17.0,yrs
3105,NW,R_RF_SFELC_R,17.0,yrs
3108,NW,R_RF_SFHE_ELC_N,17.0,yrs
3115,NW,R_RF_SFST_ELC_N,17.0,yrs
3122,NW,R_RF_TFELC_R,17.0,yrs
3125,NW,R_RF_TFHE_ELC_N,17.0,yrs
3132,NW,R_RF_TFST_ELC_N,17.0,yrs
3139,NW,R_SC_CACELC_R,18.0,yrs
3145,NW,R_SC_CACHE_ELC_N,18.0,yrs
3159,NW,R_SC_CACST_ELC_N,18.0,yrs
3173,NW,R_SC_RACELC_R,9.0,yrs
3177,NW,R_SC_RACHE_ELC_N,9.0,yrs
3191,NW,R_SC_RACST_ELC_N,9.0,yrs
3205,NW,R_SH_BLRHE_DISTOIL_N,23.0,yrs
3212,NW,R_SH_BLRHE_NGA_N,25.0,yrs
3219,NW,R_SH_BLRST_DISTOIL_N,23.0,yrs
3226,NW,R_SH_BLRST_NGA_N,25.0,yrs
3233,NW,R_SH_BLR_DISTOIL_R,23.0,yrs
3236,NW,R_SH_BLR_NGA_R,25.0,yrs
3239,NW,R_SH_FDISTOIL_R,26.0,yrs
3242,NW,R_SH_FHE_DISTOIL_N,26.0,yrs
3249,NW,R_SH_FHE_NGA_N,21.0,yrs
3256,NW,R_SH_FLPG_R,21.0,yrs
3259,NW,R_SH_FNGA_R,21.0,yrs
3262,NW,R_SH_FST_DISTOIL_N,26.0,yrs
3269,NW,R_SH_FST_ELC_N,22.0,yrs
3276,NW,R_SH_FST_LPG_N,21.0,yrs
3283,NW,R_SH_FST_NGA_N,21.0,yrs
3290,NW,R_SH_F_ELC_R,22.0,yrs
3293,NW,R_SH_PLTHE_BIO_N,25.0,yrs
3300,NW,R_SH_PLTST_BIO_N,25.0,yrs
3307,NW,R_SH_RESST_ELC_N,22.0,yrs
3314,NW,R_SH_RES_ELC_R,22.0,yrs
3317,NW,R_SH_WHBIO_R,18.0,yrs
3320,NW,R_SH_WHHE_BIO_N,18.0,yrs
3327,NW,R_SH_WHST_BIO_N,18.0,yrs
3334,NW,R_WH_ELC_R,13.0,yrs
3338,NW,R_WH_ERHE_ELC_N,13.0,yrs
3352,NW,R_WH_ERST_ELC_N,13.0,yrs
3366,NW,R_WH_GFHE_NGA_N,13.0,yrs
3373,NW,R_WH_GFST_NGA_N,13.0,yrs
3380,NW,R_WH_GF_NGA_R,13.0,yrs
3382,NW,R_WH_HPHE_ELC_N,13.0,yrs
3389,NW,R_WH_HPST_ELC_N,13.0,yrs
3396,NW,R_WH_OFHE_DISTOIL_N,13.0,yrs
3403,NW,R_WH_OFST_DISTOIL_N,13.0,yrs
3410,NW,R_WH_OF_DISTOIL_R,13.0,yrs
3412,NW,R_WH_SOLELC_R,22.0,yrs
3418,NW,R_WH_SOLST_ELC_N,22.0,yrs
3432,SW,C_AHPHE_ELC_N,15.0,yrs
3446,SW,C_AHPHE_ELC_R,20.0,yrs
3449,SW,C_AHPST_ELC_N,15.0,yrs
3463,SW,C_AHP_ELC_R,20.0,yrs
3469,SW,C_CK_RANGEHE_ELC_N,12.0,yrs
3476,SW,C_CK_RANGEHE_ELC_R,12.0,yrs
3478,SW,C_CK_RANGEHE_NGA_N,12.0,yrs
3485,SW,C_CK_RANGEHE_NGA_R,12.0,yrs
3487,SW,C_CK_RANGEST_ELC_N,12.0,yrs
3494,SW,C_CK_RANGEST_NGA_N,12.0,yrs
3501,SW,C_CK_RANGE_ELC_R,12.0,yrs
3503,SW,C_CK_RANGE_NGA_R,12.0,yrs
3505,SW,C_GHPHE_ELC_N,14.0,yrs
3519,SW,C_GHPHE_ELC_R,14.0,yrs
3521,SW,C_GHPST_ELC_N,14.0,yrs
3535,SW,C_GHP_ELC_R,14.0,yrs
3539,SW,C_LT_8FTLEDHE_LFL_N,12.0,yrs
3546,SW,C_LT_8FTLEDST_LFL_N,12.0,yrs
3553,SW,C_LT_8FTLUMHE_LFL_N,24.0,yrs
3560,SW,C_LT_8FTLUMST_LFL_N,24.0,yrs
3567,SW,C_LT_8FTT8HE_LFL_N,6.0,yrs
3574,SW,C_LT_8FTT8HOHE_LFL_N,5.0,yrs
3581,SW,C_LT_8FTT8HOST_LFL_N,5.0,yrs
3588,SW,C_LT_8FTT8HO_LFL_R,4.0,yrs
3589,SW,C_LT_8FTT8ST_LFL_N,6.0,yrs
3596,SW,C_LT_8FTT8_LFL_R,6.0,yrs
3597,SW,C_LT_CFLHE_GSL_N,3.0,yrs
3604,SW,C_LT_CFLST_GSL_N,3.0,yrs
3611,SW,C_LT_CFL_GSL_R,3.0,yrs
3612,SW,C_LT_HALST_RFL_N,2.0,yrs
3619,SW,C_LT_HAL_RFL_R,2.0,yrs
3620,SW,C_LT_HIRST_RFL_N,2.0,yrs
3627,SW,C_LT_HIR_RFL_R,2.0,yrs
3628,SW,C_LT_LEDHE_GSL_N,13.0,yrs
3635,SW,C_LT_LEDHE_LFL_N,12.0,yrs
3642,SW,C_LT_LEDHE_RFL_N,13.0,yrs
3649,SW,C_LT_LEDST_GSL_N,13.0,yrs
3656,SW,C_LT_LEDST_LFL_N,12.0,yrs
3663,SW,C_LT_LEDST_RFL_N,13.0,yrs
3670,SW,C_LT_LUMHE_HB_N,24.0,yrs
3677,SW,C_LT_LUMHE_LB_N,24.0,yrs
3684,SW,C_LT_LUMHE_LFL_N,24.0,yrs
3691,SW,C_LT_LUMST_HB_N,24.0,yrs
3698,SW,C_LT_LUMST_LB_N,24.0,yrs
3705,SW,C_LT_LUMST_LFL_N,24.0,yrs
3712,SW,C_LT_LUM_LFL_R,17.0,yrs
3715,SW,C_LT_MERCST_HB_N,6.0,yrs
3722,SW,C_LT_MERCST_LB_N,6.0,yrs
3729,SW,C_LT_MERC_HB_R,6.0,yrs
3730,SW,C_LT_MERC_LB_R,6.0,yrs
3731,SW,C_LT_MTHALST_HB_N,4.0,yrs
3738,SW,C_LT_MTHALST_LB_N,4.0,yrs
3745,SW,C_LT_MTHAL_HB_R,4.0,yrs
3746,SW,C_LT_MTHAL_LB_R,4.0,yrs
3747,SW,C_LT_NAVAPST_HB_N,6.0,yrs
3754,SW,C_LT_NAVAPST_LB_N,6.0,yrs
3761,SW,C_LT_NAVAP_HB_R,6.0,yrs
3762,SW,C_LT_NAVAP_LB_R,6.0,yrs
3763,SW,C_LT_T5HE_LFL_N,8.0,yrs
3770,SW,C_LT_T5HOHE_HB_N,7.0,yrs
3777,SW,C_LT_T5HOST_HB_N,7.0,yrs
3784,SW,C_LT_T5HO_HB_R,6.0,yrs
3785,SW,C_LT_T5ST_LFL_N,8.0,yrs
3792,SW,C_LT_T5_LFL_R,7.0,yrs
3794,SW,C_LT_T8HE_LFL_N,6.0,yrs
3801,SW,C_LT_T8ST_LFL_N,6.0,yrs
3808,SW,C_LT_T8_LFL_R,6.0,yrs
3809,SW,C_OW_DSL_N,25.0,yrs
3816,SW,C_OW_DSL_R,25.0,yrs
3819,SW,C_OW_ELC_N,25.0,yrs
3826,SW,C_OW_ELC_R,25.0,yrs
3829,SW,C_OW_NGA_N,25.0,yrs
3836,SW,C_OW_NGA_R,25.0,yrs
3839,SW,C_RF_BVMHE_ELC_N,10.0,yrs
3846,SW,C_RF_BVMHE_ELC_R,10.0,yrs
3848,SW,C_RF_BVMST_ELC_N,10.0,yrs
3855,SW,C_RF_BVM_ELC_R,10.0,yrs
3857,SW,C_RF_CENHE_ELC_N,10.0,yrs
3864,SW,C_RF_CENST_ELC_N,10.0,yrs
3871,SW,C_RF_CEN_ELC_R,10.0,yrs
3873,SW,C_RF_CMPHE_ELC_N,15.0,yrs
3880,SW,C_RF_CMPST_ELC_N,15.0,yrs
3887,SW,C_RF_CMP_ELC_R,15.0,yrs
3889,SW,C_RF_CNDHE_ELC_N,10.0,yrs
3896,SW,C_RF_CNDST_ELC_N,10.0,yrs
3903,SW,C_RF_CND_ELC_R,10.0,yrs
3905,SW,C_RF_ICMHE_ELC_N,8.0,yrs
3912,SW,C_RF_ICMST_ELC_N,8.0,yrs
3919,SW,C_RF_ICM_ELC_R,8.0,yrs
3921,SW,C_RF_RIFHE_ELC_N,10.0,yrs
3928,SW,C_RF_RIFHE_ELC_R,10.0,yrs
3930,SW,C_RF_RIFST_ELC_N,10.0,yrs
3937,SW,C_RF_RIF_ELC_R,10.0,yrs
3939,SW,C_RF_RIRHE_ELC_N,10.0,yrs
3946,SW,C_RF_RIRHE_ELC_R,10.0,yrs
3948,SW,C_RF_RIRST_ELC_N,10.0,yrs
3955,SW,C_RF_RIR_ELC_R,10.0,yrs
3957,SW,C_RF_RVMHE_ELC_N,14.0,yrs
3964,SW,C_RF_RVMST_ELC_N,14.0,yrs
3971,SW,C_RF_RVM_ELC_R,14.0,yrs
3973,SW,C_RF_WIFHE_ELC_N,10.0,yrs
3980,SW,C_RF_WIFHE_ELC_R,10.0,yrs
3982,SW,C_RF_WIFST_ELC_N,10.0,yrs
3989,SW,C_RF_WIF_ELC_R,10.0,yrs
3991,SW,C_RF_WIRHE_ELC_N,12.0,yrs
3998,SW,C_RF_WIRHE_ELC_R,12.0,yrs
4000,SW,C_RF_WIRST_ELC_N,12.0,yrs
4007,SW,C_RF_WIR_ELC_R,12.0,yrs
4009,SW,C_SC_CCCHE_ELC_N,25.0,yrs
4016,SW,C_SC_CCCHE_ELC_R,25.0,yrs
4019,SW,C_SC_CCCST_ELC_N,25.0,yrs
4026,SW,C_SC_CCC_ELC_R,25.0,yrs
4029,SW,C_SC_CHA_NGA_N,23.0,yrs
4036,SW,C_SC_CHA_NGA_R,23.0,yrs
4039,SW,C_SC_CHEDAHE_N,25.0,yrs
4046,SW,C_SC_CHEDA_R,25.0,yrs
4049,SW,C_SC_CRCHE_ELC_N,20.0,yrs
4056,SW,C_SC_CRCHE_ELC_R,20.0,yrs
4059,SW,C_SC_CRCST_ELC_N,20.0,yrs
4066,SW,C_SC_CRC_ELC_R,20.0,yrs
4069,SW,C_SC_CSCHE_ELC_N,20.0,yrs
4076,SW,C_SC_CSCHE_ELC_R,20.0,yrs
4079,SW,C_SC_CSCST_ELC_N,20.0,yrs
4086,SW,C_SC_CSC_ELC_R,20.0,yrs
4089,SW,C_SC_CSWHE_ELC_N,20.0,yrs
4096,SW,C_SC_CSWHE_ELC_R,20.0,yrs
4099,SW,C_SC_CSWST_ELC_N,20.0,yrs
4106,SW,C_SC_CSW_ELC_R,20.0,yrs
4109,SW,C_SC_RACHE_ELC_N,21.0,yrs
4116,SW,C_SC_RACHE_ELC_R,21.0,yrs
4119,SW,C_SC_RACST_ELC_N,21.0,yrs
4126,SW,C_SC_RACST_NGA_N,15.0,yrs
4133,SW,C_SC_RAC_ELC_R,21.0,yrs
4136,SW,C_SC_RAC_NGA_R,15.0,yrs
4138,SW,C_SH_BHE_DISTOIL_N,26.0,yrs
4145,SW,C_SH_BHE_DISTOIL_R,30.0,yrs
4148,SW,C_SH_BHE_NGA_N,25.0,yrs
4155,SW,C_SH_BHE_NGA_R,25.0,yrs
4158,SW,C_SH_BST_DISTOIL_N,26.0,yrs
4165,SW,C_SH_BST_ELC_N,15.0,yrs
4172,SW,C_SH_BST_NGA_N,25.0,yrs
4179,SW,C_SH_B_DISTOIL_R,30.0,yrs
4182,SW,C_SH_B_ELC_R,15.0,yrs
4184,SW,C_SH_B_NGA_R,30.0,yrs
4187,SW,C_SH_ERST_ELC_N,18.0,yrs
4194,SW,C_SH_ER_ELC_R,18.0,yrs
4197,SW,C_SH_FHE_NGA_N,23.0,yrs
4204,SW,C_SH_FHE_NGA_R,23.0,yrs
4207,SW,C_SH_FST_DISTOIL_N,23.0,yrs
4214,SW,C_SH_FST_NGA_N,23.0,yrs
4221,SW,C_SH_F_DISTOIL_R,23.0,yrs
4224,SW,C_SH_F_NGA_R,23.0,yrs
4227,SW,C_VT_CAVHE_ELC_N,20.0,yrs
4234,SW,C_VT_CAVST_ELC_N,20.0,yrs
4241,SW,C_VT_CAV_ELC_R,20.0,yrs
4244,SW,C_VT_VAVHE_ELC_N,20.0,yrs
4251,SW,C_VT_VAVST_ELC_N,20.0,yrs
4258,SW,C_VT_VAV_ELC_R,20.0,yrs
4261,SW,C_WH_DWHHE_DISTOIL_N,13.0,yrs
4268,SW,C_WH_DWHHE_DISTOIL_R,13.0,yrs
4270,SW,C_WH_DWHST_DISTOIL_N,13.0,yrs
4277,SW,C_WH_DWH_DISTOIL_R,13.0,yrs
4279,SW,C_WH_EWHST_ELC_N,12.0,yrs
4286,SW,C_WH_HPST_ELC_N,15.0,yrs
4293,SW,C_WH_HP_ELC_R,15.0,yrs
4295,SW,C_WH_NWHHE_NGA_N,10.0,yrs
4302,SW,C_WH_NWHHE_NGA_R,10.0,yrs
4304,SW,C_WH_NWHST_NGA_N,10.0,yrs
4311,SW,C_WH_NWH_NGA_R,13.0,yrs
4313,SW,C_WH_SOLST_ELC_N,20.0,yrs
4320,SW,C_WH_SOLST_ELC_R,20.0,yrs
4323,SW,C_WH_SOL_ELC_R,20.0,yrs
4326,SW,R_CD_ELC_R,13.0,yrs
4328,SW,R_CD_HE_ELC_N,13.0,yrs
4335,SW,R_CD_HE_NGA_N,13.0,yrs
4342,SW,R_CD_NGA_R,13.0,yrs
4344,SW,R_CD_ST_ELC_N,13.0,yrs
4351,SW,R_CD_ST_NGA_N,13.0,yrs
4358,SW,R_CK_OVHE_NGA_N,12.0,yrs
4365,SW,R_CK_OVST_NGA_N,12.0,yrs
4372,SW,R_CK_OV_NGA_R,12.0,yrs
4374,SW,R_CK_TOPHE_ELC_N,19.0,yrs
4381,SW,R_CK_TOPHE_NGA_N,12.0,yrs
4388,SW,R_CK_TOPST_ELC_N,15.0,yrs
4395,SW,R_CK_TOPST_NGA_N,12.0,yrs
4402,SW,R_CK_TOP_ELC_R,15.0,yrs
4404,SW,R_CK_TOP_NGA_R,12.0,yrs
4406,SW,R_DW_ELC_R,14.0,yrs
4408,SW,R_DW_HE_ELC_N,14.0,yrs
4415,SW,R_DW_ST_ELC_N,14.0,yrs
4422,SW,R_FZ_CHESTHE_N,22.0,yrs
4429,SW,R_FZ_CHESTST_N,22.0,yrs
4436,SW,R_FZ_CHEST_R,22.0,yrs
4439,SW,R_FZ_UPRIGHTHE_N,22.0,yrs
4446,SW,R_FZ_UPRIGHTST_N,22.0,yrs
4453,SW,R_FZ_UPRIGHT_R,22.0,yrs
4456,SW,R_HPELC_R,15.0,yrs
4464,SW,R_HPHE_ELC_N,15.0,yrs
4492,SW,R_HPHE_GEO_N,14.0,yrs
4520,SW,R_HPST_ELC_N,15.0,yrs
4548,SW,R_HPST_GEO_N,14.0,yrs
4576,SW,R_HPST_NGA_N,15.0,yrs
4583,SW,R_HP_GEO_R,14.0,yrs
4591,SW,R_HP_NGA_N,15.0,yrs
4598,SW,R_HP_NGA_R,15.0,yrs
4602,SW,R_LT_CFLHE_GSL_N,17.0,yrs
4609,SW,R_LT_CFLHE_RFL_N,17.0,yrs
4616,SW,R_LT_CFLST_GSL_N,17.0,yrs
4623,SW,R_LT_CFLST_RFL_N,17.0,yrs
4630,SW,R_LT_CFLST_ROL_N,10.0,yrs
4637,SW,R_LT_CFL_GSL_R,15.0,yrs
4639,SW,R_LT_CFL_RFL_R,12.0,yrs
4641,SW,R_LT_CFL_ROL_R,9.0,yrs
4643,SW,R_LT_HALST_RFL_N,2.0,yrs
4650,SW,R_LT_HALST_ROL_N,2.0,yrs
4657,SW,R_LT_HAL_RFL_R,2.0,yrs
4658,SW,R_LT_HAL_ROL_R,2.0,yrs
4659,SW,R_LT_HIRST_RFL_N,7.0,yrs
4666,SW,R_LT_HIRST_ROL_N,4.0,yrs
4673,SW,R_LT_HIR_RFL_R,6.0,yrs
4674,SW,R_LT_INCST_RFL_N,3.0,yrs
4681,SW,R_LT_INCST_ROL_N,2.0,yrs
4688,SW,R_LT_INC_RFL_R,3.0,yrs
4689,SW,R_LT_INC_ROL_R,2.0,yrs
4690,SW,R_LT_LED60HE_GSL_N,76.0,yrs
4697,SW,R_LT_LED60ST_GSL_N,76.0,yrs
4704,SW,R_LT_LED60_GSL_R,31.0,yrs
4707,SW,R_LT_LEDHE_LUM_N,145.0,yrs
4714,SW,R_LT_LEDHE_RFL_N,77.0,yrs
4721,SW,R_LT_LEDHE_ROL_N,47.0,yrs
4728,SW,R_LT_LEDST_LUM_N,145.0,yrs
4735,SW,R_LT_LEDST_RFL_N,77.0,yrs
4742,SW,R_LT_LEDST_ROL_N,47.0,yrs
4749,SW,R_LT_LLRHE_L2L_N,73.0,yrs
4756,SW,R_LT_LLRST_L2L_N,73.0,yrs
4763,SW,R_LT_T5HE_LFL_N,47.0,yrs
4770,SW,R_LT_T5ST_LFL_N,47.0,yrs
4777,SW,R_LT_T8HE_LFL_N,38.0,yrs
4784,SW,R_LT_T8ST_LFL_N,34.0,yrs
4791,SW,R_LT_T8_LFL_R,29.0,yrs
4794,SW,R_OW_ELC_N,25.0,yrs
4801,SW,R_OW_ELC_R,25.0,yrs
4804,SW,R_RF_BFELC_R,17.0,yrs
4807,SW,R_RF_BFHE_ELC_N,17.0,yrs
4814,SW,R_RF_BFST_ELC_N,17.0,yrs
4821,SW,R_RF_SFELC_R,17.0,yrs
4824,SW,R_RF_SFHE_ELC_N,17.0,yrs
4831,SW,R_RF_SFST_ELC_N,17.0,yrs
4838,SW,R_RF_TFELC_R,17.0,yrs
4841,SW,R_RF_TFHE_ELC_N,17.0,yrs
4848,SW,R_RF_TFST_ELC_N,17.0,yrs
4855,SW,R_SC_CACELC_R,18.0,yrs
4861,SW,R_SC_CACHE_ELC_N,18.0,yrs
4875,SW,R_SC_CACST_ELC_N,18.0,yrs
4889,SW,R_SC_RACELC_R,9.0,yrs
4893,SW,R_SC_RACHE_ELC_N,9.0,yrs
4907,SW,R_SC_RACST_ELC_N,9.0,yrs
4921,SW,R_SH_BLRHE_DISTOIL_N,23.0,yrs
4928,SW,R_SH_BLRHE_NGA_N,25.0,yrs
4935,SW,R_SH_BLRST_DISTOIL_N,23.0,yrs
4942,SW,R_SH_BLRST_NGA_N,25.0,yrs
4949,SW,R_SH_BLR_DISTOIL_R,23.0,yrs
4952,SW,R_SH_BLR_NGA_R,25.0,yrs
4955,SW,R_SH_FDISTOIL_R,26.0,yrs
4958,SW,R_SH_FHE_DISTOIL_N,26.0,yrs
4965,SW,R_SH_FHE_NGA_N,21.0,yrs
4972,SW,R_SH_FLPG_R,21.0,yrs
4975,SW,R_SH_FNGA_R,21.0,yrs
4978,SW,R_SH_FST_DISTOIL_N,26.0,yrs
4985,SW,R_SH_FST_ELC_N,22.0,yrs
4992,SW,R_SH_FST_LPG_N,21.0,yrs
4999,SW,R_SH_FST_NGA_N,21.0,yrs
5006,SW,R_SH_F_ELC_R,22.0,yrs
5009,SW,R_SH_PLTHE_BIO_N,25.0,yrs
5016,SW,R_SH_PLTST_BIO_N,25.0,yrs
5023,SW,R_SH_RESST_ELC_N,22.0,yrs
5030,SW,R_SH_RES_ELC_R,22.0,yrs
5033,SW,R_SH_WHBIO_R,18.0,yrs
5036,SW,R_SH_WHHE_BIO_N,18.0,yrs
5043,SW,R_SH_WHST_BIO_N,18.0,yrs
5050,SW,R_WH_ELC_R,13.0,yrs
5054,SW,R_WH_ERHE_ELC_N,13.0,yrs
5068,SW,R_WH_ERST_ELC_N,13.0,yrs
5082,SW,R_WH_GFHE_NGA_N,13.0,yrs
5089,SW,R_WH_GFST_NGA_N,13.0,yrs
5096,SW,R_WH_GF_NGA_R,13.0,yrs
5098,SW,R_WH_HPHE_ELC_N,13.0,yrs
5105,SW,R_WH_HPST_ELC_N,13.0,yrs
5112,SW,R_WH_OFHE_DISTOIL_N,13.0,yrs
5119,SW,R_WH_OFST_DISTOIL_N,13.0,yrs
5126,SW,R_WH_OF_DISTOIL_R,13.0,yrs
5128,SW,R_WH_SOLELC_R,22.0,yrs
5134,SW,R_WH_SOLST_ELC_N,22.0,yrs
5148,TX,C_AHPHE_ELC_N,15.0,yrs
5162,TX,C_AHPHE_ELC_R,20.0,yrs
5165,TX,C_AHPST_ELC_N,15.0,yrs
5179,TX,C_AHP_ELC_R,20.0,yrs
5185,TX,C_CK_RANGEHE_ELC_N,12.0,yrs
5192,TX,C_CK_RANGEHE_ELC_R,12.0,yrs
5194,TX,C_CK_RANGEHE_NGA_N,12.0,yrs
5201,TX,C_CK_RANGEHE_NGA_R,12.0,yrs
5203,TX,C_CK_RANGEST_ELC_N,12.0,yrs
5210,TX,C_CK_RANGEST_NGA_N,12.0,yrs
5217,TX,C_CK_RANGE_ELC_R,12.0,yrs
5219,TX,C_CK_RANGE_NGA_R,12.0,yrs
5221,TX,C_GHPHE_ELC_N,14.0,yrs
5235,TX,C_GHPHE_ELC_R,14.0,yrs
5237,TX,C_GHPST_ELC_N,14.0,yrs
5251,TX,C_GHP_ELC_R,14.0,yrs
5255,TX,C_LT_8FTLEDHE_LFL_N,12.0,yrs
5262,TX,C_LT_8FTLEDST_LFL_N,12.0,yrs
5269,TX,C_LT_8FTLUMHE_LFL_N,24.0,yrs
5276,TX,C_LT_8FTLUMST_LFL_N,24.0,yrs
5283,TX,C_LT_8FTT8HE_LFL_N,6.0,yrs
5290,TX,C_LT_8FTT8HOHE_LFL_N,5.0,yrs
5297,TX,C_LT_8FTT8HOST_LFL_N,5.0,yrs
5304,TX,C_LT_8FTT8HO_LFL_R,4.0,yrs
5305,TX,C_LT_8FTT8ST_LFL_N,6.0,yrs
5312,TX,C_LT_8FTT8_LFL_R,6.0,yrs
5313,TX,C_LT_CFLHE_GSL_N,3.0,yrs
5320,TX,C_LT_CFLST_GSL_N,3.0,yrs
5327,TX,C_LT_CFL_GSL_R,3.0,yrs
5328,TX,C_LT_HALST_RFL_N,2.0,yrs
5335,TX,C_LT_HAL_RFL_R,2.0,yrs
5336,TX,C_LT_HIRST_RFL_N,2.0,yrs
5343,TX,C_LT_HIR_RFL_R,2.0,yrs
5344,TX,C_LT_LEDHE_GSL_N,13.0,yrs
5351,TX,C_LT_LEDHE_LFL_N,12.0,yrs
5358,TX,C_LT_LEDHE_RFL_N,13.0,yrs
5365,TX,C_LT_LEDST_GSL_N,13.0,yrs
5372,TX,C_LT_LEDST_LFL_N,12.0,yrs
5379,TX,C_LT_LEDST_RFL_N,13.0,yrs
5386,TX,C_LT_LUMHE_HB_N,24.0,yrs
5393,TX,C_LT_LUMHE_LB_N,24.0,yrs
5400,TX,C_LT_LUMHE_LFL_N,24.0,yrs
5407,TX,C_LT_LUMST_HB_N,24.0,yrs
5414,TX,C_LT_LUMST_LB_N,24.0,yrs
5421,TX,C_LT_LUMST_LFL_N,24.0,yrs
5428,TX,C_LT_LUM_LFL_R,17.0,yrs
5431,TX,C_LT_MERCST_HB_N,6.0,yrs
5438,TX,C_LT_MERCST_LB_N,6.0,yrs
5445,TX,C_LT_MERC_HB_R,6.0,yrs
5446,TX,C_LT_MERC_LB_R,6.0,yrs
5447,TX,C_LT_MTHALST_HB_N,4.0,yrs
5454,TX,C_LT_MTHALST_LB_N,4.0,yrs
5461,TX,C_LT_MTHAL_HB_R,4.0,yrs
5462,TX,C_LT_MTHAL_LB_R,4.0,yrs
5463,TX,C_LT_NAVAPST_HB_N,6.0,yrs
5470,TX,C_LT_NAVAPST_LB_N,6.0,yrs
5477,TX,C_LT_NAVAP_HB_R,6.0,yrs
5478,TX,C_LT_NAVAP_LB_R,6.0,yrs
5479,TX,C_LT_T5HE_LFL_N,8.0,yrs
5486,TX,C_LT_T5HOHE_HB_N,7.0,yrs
5493,TX,C_LT_T5HOST_HB_N,7.0,yrs
5500,TX,C_LT_T5HO_HB_R,6.0,yrs
5501,TX,C_LT_T5ST_LFL_N,8.0,yrs
5508,TX,C_LT_T5_LFL_R,7.0,yrs
5510,TX,C_LT_T8HE_LFL_N,6.0,yrs
5517,TX,C_LT_T8ST_LFL_N,6.0,yrs
5524,TX,C_LT_T8_LFL_R,6.0,yrs
5525,TX,C_OW_DSL_N,25.0,yrs
5532,TX,C_OW_DSL_R,25.0,yrs
5535,TX,C_OW_ELC_N,25.0,yrs
5542,TX,C_OW_ELC_R,25.0,yrs
5545,TX,C_OW_NGA_N,25.0,yrs
5552,TX,C_OW_NGA_R,25.0,yrs
5555,TX,C_RF_BVMHE_ELC_N,10.0,yrs
5562,TX,C_RF_BVMHE_ELC_R,10.0,yrs
5564,TX,C_RF_BVMST_ELC_N,10.0,yrs
5571,TX,C_RF_BVM_ELC_R,10.0,yrs
5573,TX,C_RF_CENHE_ELC_N,10.0,yrs
5580,TX,C_RF_CENST_ELC_N,10.0,yrs
5587,TX,C_RF_CEN_ELC_R,10.0,yrs
5589,TX,C_RF_CMPHE_ELC_N,15.0,yrs
5596,TX,C_RF_CMPST_ELC_N,15.0,yrs
5603,TX,C_RF_CMP_ELC_R,15.0,yrs
5605,TX,C_RF_CNDHE_ELC_N,10.0,yrs
5612,TX,C_RF_CNDST_ELC_N,10.0,yrs
5619,TX,C_RF_CND_ELC_R,10.0,yrs
5621,TX,C_RF_ICMHE_ELC_N,8.0,yrs
5628,TX,C_RF_ICMST_ELC_N,8.0,yrs
5635,TX,C_RF_ICM_ELC_R,8.0,yrs
5637,TX,C_RF_RIFHE_ELC_N,10.0,yrs
5644,TX,C_RF_RIFHE_ELC_R,10.0,yrs
5646,TX,C_RF_RIFST_ELC_N,10.0,yrs
5653,TX,C_RF_RIF_ELC_R,10.0,yrs
5655,TX,C_RF_RIRHE_ELC_N,10.0,yrs
5662,TX,C_RF_RIRHE_ELC_R,10.0,yrs
5664,TX,C_RF_RIRST_ELC_N,10.0,yrs
5671,TX,C_RF_RIR_ELC_R,10.0,yrs
5673,TX,C_RF_RVMHE_ELC_N,14.0,yrs
5680,TX,C_RF_RVMST_ELC_N,14.0,yrs
5687,TX,C_RF_RVM_ELC_R,14.0,yrs
5689,TX,C_RF_WIFHE_ELC_N,10.0,yrs
5696,TX,C_RF_WIFHE_ELC_R,10.0,yrs
5698,TX,C_RF_WIFST_ELC_N,10.0,yrs
5705,TX,C_RF_WIF_ELC_R,10.0,yrs
5707,TX,C_RF_WIRHE_ELC_N,12.0,yrs
5714,TX,C_RF_WIRHE_ELC_R,12.0,yrs
5716,TX,C_RF_WIRST_ELC_N,12.0,yrs
5723,TX,C_RF_WIR_ELC_R,12.0,yrs
5725,TX,C_SC_CCCHE_ELC_N,25.0,yrs
5732,TX,C_SC_CCCHE_ELC_R,25.0,yrs
5735,TX,C_SC_CCCST_ELC_N,25.0,yrs
5742,TX,C_SC_CCC_ELC_R,25.0,yrs
5745,TX,C_SC_CHA_NGA_N,23.0,yrs
5752,TX,C_SC_CHA_NGA_R,23.0,yrs
5755,TX,C_SC_CHEDAHE_N,25.0,yrs
5762,TX,C_SC_CHEDA_R,25.0,yrs
5765,TX,C_SC_CRCHE_ELC_N,20.0,yrs
5772,TX,C_SC_CRCHE_ELC_R,20.0,yrs
5775,TX,C_SC_CRCST_ELC_N,20.0,yrs
5782,TX,C_SC_CRC_ELC_R,20.0,yrs
5785,TX,C_SC_CSCHE_ELC_N,20.0,yrs
5792,TX,C_SC_CSCHE_ELC_R,20.0,yrs
5795,TX,C_SC_CSCST_ELC_N,20.0,yrs
5802,TX,C_SC_CSC_ELC_R,20.0,yrs
5805,TX,C_SC_CSWHE_ELC_N,20.0,yrs
5812,TX,C_SC_CSWHE_ELC_R,20.0,yrs
5815,TX,C_SC_CSWST_ELC_N,20.0,yrs
5822,TX,C_SC_CSW_ELC_R,20.0,yrs
5825,TX,C_SC_RACHE_ELC_N,21.0,yrs
5832,TX,C_SC_RACHE_ELC_R,21.0,yrs
5835,TX,C_SC_RACST_ELC_N,21.0,yrs
5842,TX,C_SC_RACST_NGA_N,15.0,yrs
5849,TX,C_SC_RAC_ELC_R,21.0,yrs
5852,TX,C_SC_RAC_NGA_R,15.0,yrs
5854,TX,C_SH_BHE_DISTOIL_N,26.0,yrs
5861,TX,C_SH_BHE_DISTOIL_R,30.0,yrs
5864,TX,C_SH_BHE_NGA_N,25.0,yrs
5871,TX,C_SH_BHE_NGA_R,25.0,yrs
5874,TX,C_SH_BST_DISTOIL_N,26.0,yrs
5881,TX,C_SH_BST_ELC_N,15.0,yrs
5888,TX,C_SH_BST_NGA_N,25.0,yrs
5895,TX,C_SH_B_DISTOIL_R,30.0,yrs
5898,TX,C_SH_B_ELC_R,15.0,yrs
5900,TX,C_SH_B_NGA_R,30.0,yrs
5903,TX,C_SH_ERST_ELC_N,18.0,yrs
5910,TX,C_SH_ER_ELC_R,18.0,yrs
5913,TX,C_SH_FHE_NGA_N,23.0,yrs
5920,TX,C_SH_FHE_NGA_R,23.0,yrs
5923,TX,C_SH_FST_DISTOIL_N,23.0,yrs
5930,TX,C_SH_FST_NGA_N,23.0,yrs
5937,TX,C_SH_F_DISTOIL_R,23.0,yrs
5940,TX,C_SH_F_NGA_R,23.0,yrs
5943,TX,C_VT_CAVHE_ELC_N,20.0,yrs
5950,TX,C_VT_CAVST_ELC_N,20.0,yrs
5957,TX,C_VT_CAV_ELC_R,20.0,yrs
5960,TX,C_VT_VAVHE_ELC_N,20.0,yrs
5967,TX,C_VT_VAVST_ELC_N,20.0,yrs
5974,TX,C_VT_VAV_ELC_R,20.0,yrs
5977,TX,C_WH_DWHHE_DISTOIL_N,13.0,yrs
5984,TX,C_WH_DWHHE_DISTOIL_R,13.0,yrs
5986,TX,C_WH_DWHST_DISTOIL_N,13.0,yrs
5993,TX,C_WH_DWH_DISTOIL_R,13.0,yrs
5995,TX,C_WH_EWHST_ELC_N,12.0,yrs
6002,TX,C_WH_HPST_ELC_N,15.0,yrs
6009,TX,C_WH_HP_ELC_R,15.0,yrs
6011,TX,C_WH_NWHHE_NGA_N,10.0,yrs
6018,TX,C_WH_NWHHE_NGA_R,10.0,yrs
6020,TX,C_WH_NWHST_NGA_N,10.0,yrs
6027,TX,C_WH_NWH_NGA_R,13.0,yrs
6029,TX,C_WH_SOLST_ELC_N,20.0,yrs
6036,TX,C_WH_SOLST_ELC_R,20.0,yrs
6039,TX,C_WH_SOL_ELC_R,20.0,yrs
6042,TX,R_CD_ELC_R,13.0,yrs
6044,TX,R_CD_HE_ELC_N,13.0,yrs
6051,TX,R_CD_HE_NGA_N,13.0,yrs
6058,TX,R_CD_NGA_R,13.0,yrs
6060,TX,R_CD_ST_ELC_N,13.0,yrs
6067,TX,R_CD_ST_NGA_N,13.0,yrs
6074,TX,R_CK_OVHE_NGA_N,12.0,yrs
6081,TX,R_CK_OVST_NGA_N,12.0,yrs
6088,TX,R_CK_OV_NGA_R,12.0,yrs
6090,TX,R_CK_TOPHE_ELC_N,19.0,yrs
6097,TX,R_CK_TOPHE_NGA_N,12.0,yrs
6104,TX,R_CK_TOPST_ELC_N,15.0,yrs
6111,TX,R_CK_TOPST_NGA_N,12.0,yrs
6118,TX,R_CK_TOP_ELC_R,15.0,yrs
6120,TX,R_CK_TOP_NGA_R,12.0,yrs
6122,TX,R_DW_ELC_R,14.0,yrs
6124,TX,R_DW_HE_ELC_N,14.0,yrs
6131,TX,R_DW_ST_ELC_N,14.0,yrs
6138,TX,R_FZ_CHESTHE_N,22.0,yrs
6145,TX,R_FZ_CHESTST_N,22.0,yrs
6152,TX,R_FZ_CHEST_R,22.0,yrs
6155,TX,R_FZ_UPRIGHTHE_N,22.0,yrs
6162,TX,R_FZ_UPRIGHTST_N,22.0,yrs
6169,TX,R_FZ_UPRIGHT_R,22.0,yrs
6172,TX,R_HPELC_R,15.0,yrs
6180,TX,R_HPHE_ELC_N,15.0,yrs
6208,TX,R_HPHE_GEO_N,14.0,yrs
6236,TX,R_HPST_ELC_N,15.0,yrs
6264,TX,R_HPST_GEO_N,14.0,yrs
6292,TX,R_HPST_NGA_N,15.0,yrs
6299,TX,R_HP_GEO_R,14.0,yrs
6307,TX,R_HP_NGA_N,15.0,yrs
6314,TX,R_HP_NGA_R,15.0,yrs
6318,TX,R_LT_CFLHE_GSL_N,17.0,yrs
6325,TX,R_LT_CFLHE_RFL_N,17.0,yrs
6332,TX,R_LT_CFLST_GSL_N,17.0,yrs
6339,TX,R_LT_CFLST_RFL_N,17.0,yrs
6346,TX,R_LT_CFLST_ROL_N,10.0,yrs
6353,TX,R_LT_CFL_GSL_R,15.0,yrs
6355,TX,R_LT_CFL_RFL_R,12.0,yrs
6357,TX,R_LT_CFL_ROL_R,9.0,yrs
6359,TX,R_LT_HALST_RFL_N,2.0,yrs
6366,TX,R_LT_HALST_ROL_N,2.0,yrs
6373,TX,R_LT_HAL_RFL_R,2.0,yrs
6374,TX,R_LT_HAL_ROL_R,2.0,yrs
6375,TX,R_LT_HIRST_RFL_N,7.0,yrs
6382,TX,R_LT_HIRST_ROL_N,4.0,yrs
6389,TX,R_LT_HIR_RFL_R,6.0,yrs
6390,TX,R_LT_INCST_RFL_N,3.0,yrs
6397,TX,R_LT_INCST_ROL_N,2.0,yrs
6404,TX,R_LT_INC_RFL_R,3.0,yrs
6405,TX,R_LT_INC_ROL_R,2.0,yrs
6406,TX,R_LT_LED60HE_GSL_N,76.0,yrs
6413,TX,R_LT_LED60ST_GSL_N,76.0,yrs
6420,TX,R_LT_LED60_GSL_R,31.0,yrs
6423,TX,R_LT_LEDHE_LUM_N,145.0,yrs
6430,TX,R_LT_LEDHE_RFL_N,77.0,yrs
6437,TX,R_LT_LEDHE_ROL_N,47.0,yrs
6444,TX,R_LT_LEDST_LUM_N,145.0,yrs
6451,TX,R_LT_LEDST_RFL_N,77.0,yrs
6458,TX,R_LT_LEDST_ROL_N,47.0,yrs
6465,TX,R_LT_LLRHE_L2L_N,73.0,yrs
6472,TX,R_LT_LLRST_L2L_N,73.0,yrs
6479,TX,R_LT_T5HE_LFL_N,47.0,yrs
6486,TX,R_LT_T5ST_LFL_N,47.0,yrs
6493,TX,R_LT_T8HE_LFL_N,38.0,yrs
6500,TX,R_LT_T8ST_LFL_N,34.0,yrs
6507,TX,R_LT_T8_LFL_R,29.0,yrs
6510,TX,R_OW_ELC_N,25.0,yrs
6517,TX,R_OW_ELC_R,25.0,yrs
6520,TX,R_RF_BFELC_R,17.0,yrs
6523,TX,R_RF_BFHE_ELC_N,17.0,yrs
6530,TX,R_RF_BFST_ELC_N,17.0,yrs
6537,TX,R_RF_SFELC_R,17.0,yrs
6540,TX,R_RF_SFHE_ELC_N,17.0,yrs
6547,TX,R_RF_SFST_ELC_N,17.0,yrs
6554,TX,R_RF_TFELC_R,17.0,yrs
6557,TX,R_RF_TFHE_ELC_N,17.0,yrs
6564,TX,R_RF_TFST_ELC_N,17.0,yrs
6571,TX,R_SC_CACELC_R,18.0,yrs
6577,TX,R_SC_CACHE_ELC_N,18.0,yrs
6591,TX,R_SC_CACST_ELC_N,18.0,yrs
6605,TX,R_SC_RACELC_R,9.0,yrs
6609,TX,R_SC_RACHE_ELC_N,9.0,yrs
6623,TX,R_SC_RACST_ELC_N,9.0,yrs
6637,TX,R_SH_BLRHE_DISTOIL_N,23.0,yrs
6644,TX,R_SH_BLRHE_NGA_N,25.0,yrs
6651,TX,R_SH_BLRST_DISTOIL_N,23.0,yrs
6658,TX,R_SH_BLRST_NGA_N,25.0,yrs
6665,TX,R_SH_BLR_DISTOIL_R,23.0,yrs
6668,TX,R_SH_BLR_NGA_R,25.0,yrs
6671,TX,R_SH_FDISTOIL_R,26.0,yrs
6674,TX,R_SH_FHE_DISTOIL_N,26.0,yrs
6681,TX,R_SH_FHE_NGA_N,21.0,yrs
6688,TX,R_SH_FLPG_R,21.0,yrs
6691,TX,R_SH_FNGA_R,21.0,yrs
6694,TX,R_SH_FST_DISTOIL_N,26.0,yrs
6701,TX,R_SH_FST_ELC_N,22.0,yrs
6708,TX,R_SH_FST_LPG_N,21.0,yrs
6715,TX,R_SH_FST_NGA_N,21.0,yrs
6722,TX,R_SH_F_ELC_R,22.0,yrs
6725,TX,R_SH_PLTHE_BIO_N,25.0,yrs
6732,TX,R_SH_PLTST_BIO_N,25.0,yrs
6739,TX,R_SH_RESST_ELC_N,22.0,yrs
6746,TX,R_SH_RES_ELC_R,22.0,yrs
6749,TX,R_SH_WHBIO_R,18.0,yrs
6752,TX,R_SH_WHHE_BIO_N,18.0,yrs
6759,TX,R_SH_WHST_BIO_N,18.0,yrs
6766,TX,R_WH_ELC_R,13.0,yrs
6770,TX,R_WH_ERHE_ELC_N,13.0,yrs
6784,TX,R_WH_ERST_ELC_N,13.0,yrs
6798,TX,R_WH_GFHE_NGA_N,13.0,yrs
6805,TX,R_WH_GFST_NGA_N,13.0,yrs
6812,TX,R_WH_GF_NGA_R,13.0,yrs
6814,TX,R_WH_HPHE_ELC_N,13.0,yrs
6821,TX,R_WH_HPST_ELC_N,13.0,yrs
6828,TX,R_WH_OFHE_DISTOIL_N,13.0,yrs
6835,TX,R_WH_OFST_DISTOIL_N,13.0,yrs
6842,TX,R_WH_OF_DISTOIL_R,13.0,yrs
6844,TX,R_WH_SOLELC_R,22.0,yrs
6850,TX,R_WH_SOLST_ELC_N,22.0,yrs
6864,CEN,C_AHPHE_ELC_N,15.0,yrs
6878,CEN,C_AHPHE_ELC_R,20.0,yrs
6881,CEN,C_AHPST_ELC_N,15.0,yrs
6895,CEN,C_AHP_ELC_R,20.0,yrs
6901,CEN,C_CK_RANGEHE_ELC_N,12.0,yrs
6908,CEN,C_CK_RANGEHE_ELC_R,12.0,yrs
6910,CEN,C_CK_RANGEHE_NGA_N,12.0,yrs
6917,CEN,C_CK_RANGEHE_NGA_R,12.0,yrs
6919,CEN,C_CK_RANGEST_ELC_N,12.0,yrs
6926,CEN,C_CK_RANGEST_NGA_N,12.0,yrs
6933,CEN,C_CK_RANGE_ELC_R,12.0,yrs
6935,CEN,C_CK_RANGE_NGA_R,12.0,yrs
6937,CEN,C_GHPHE_ELC_N,14.0,yrs
6951,CEN,C_GHPHE_ELC_R,14.0,yrs
6953,CEN,C_GHPST_ELC_N,14.0,yrs
6967,CEN,C_GHP_ELC_R,14.0,yrs
6971,CEN,C_LT_8FTLEDHE_LFL_N,12.0,yrs
6978,CEN,C_LT_8FTLEDST_LFL_N,12.0,yrs
6985,CEN,C_LT_8FTLUMHE_LFL_N,24.0,yrs
6992,CEN,C_LT_8FTLUMST_LFL_N,24.0,yrs
6999,CEN,C_LT_8FTT8HE_LFL_N,6.0,yrs
7006,CEN,C_LT_8FTT8HOHE_LFL_N,5.0,yrs
7013,CEN,C_LT_8FTT8HOST_LFL_N,5.0,yrs
7020,CEN,C_LT_8FTT8HO_LFL_R,4.0,yrs
7021,CEN,C_LT_8FTT8ST_LFL_N,6.0,yrs
7028,CEN,C_LT_8FTT8_LFL_R,6.0,yrs
7029,CEN,C_LT_CFLHE_GSL_N,3.0,yrs
7036,CEN,C_LT_CFLST_GSL_N,3.0,yrs
7043,CEN,C_LT_CFL_GSL_R,3.0,yrs
7044,CEN,C_LT_HALST_RFL_N,2.0,yrs
7051,CEN,C_LT_HAL_RFL_R,2.0,yrs
7052,CEN,C_LT_HIRST_RFL_N,2.0,yrs
7059,CEN,C_LT_HIR_RFL_R,2.0,yrs
7060,CEN,C_LT_LEDHE_GSL_N,13.0,yrs
7067,CEN,C_LT_LEDHE_LFL_N,12.0,yrs
7074,CEN,C_LT_LEDHE_RFL_N,13.0,yrs
7081,CEN,C_LT_LEDST_GSL_N,13.0,yrs
7088,CEN,C_LT_LEDST_LFL_N,12.0,yrs
7095,CEN,C_LT_LEDST_RFL_N,13.0,yrs
7102,CEN,C_LT_LUMHE_HB_N,24.0,yrs
7109,CEN,C_LT_LUMHE_LB_N,24.0,yrs
7116,CEN,C_LT_LUMHE_LFL_N,24.0,yrs
7123,CEN,C_LT_LUMST_HB_N,24.0,yrs
7130,CEN,C_LT_LUMST_LB_N,24.0,yrs
7137,CEN,C_LT_LUMST_LFL_N,24.0,yrs
7144,CEN,C_LT_LUM_LFL_R,17.0,yrs
7147,CEN,C_LT_MERCST_HB_N,6.0,yrs
7154,CEN,C_LT_MERCST_LB_N,6.0,yrs
7161,CEN,C_LT_MERC_HB_R,6.0,yrs
7162,CEN,C_LT_MERC_LB_R,6.0,yrs
7163,CEN,C_LT_MTHALST_HB_N,4.0,yrs
7170,CEN,C_LT_MTHALST_LB_N,4.0,yrs
7177,CEN,C_LT_MTHAL_HB_R,4.0,yrs
7178,CEN,C_LT_MTHAL_LB_R,4.0,yrs
7179,CEN,C_LT_NAVAPST_HB_N,6.0,yrs
7186,CEN,C_LT_NAVAPST_LB_N,6.0,yrs
7193,CEN,C_LT_NAVAP_HB_R,6.0,yrs
7194,CEN,C_LT_NAVAP_LB_R,6.0,yrs
7195,CEN,C_LT_T5HE_LFL_N,8.0,yrs
7202,CEN,C_LT_T5HOHE_HB_N,7.0,yrs
7209,CEN,C_LT_T5HOST_HB_N,7.0,yrs
7216,CEN,C_LT_T5HO_HB_R,6.0,yrs
7217,CEN,C_LT_T5ST_LFL_N,8.0,yrs
7224,CEN,C_LT_T5_LFL_R,7.0,yrs
7226,CEN,C_LT_T8HE_LFL_N,6.0,yrs
7233,CEN,C_LT_T8ST_LFL_N,6.0,yrs
7240,CEN,C_LT_T8_LFL_R,6.0,yrs
7241,CEN,C_OW_DSL_N,25.0,yrs
7248,CEN,C_OW_DSL_R,25.0,yrs
7251,CEN,C_OW_ELC_N,25.0,yrs
7258,CEN,C_OW_ELC_R,25.0,yrs
7261,CEN,C_OW_NGA_N,25.0,yrs
7268,CEN,C_OW_NGA_R,25.0,yrs
7271,CEN,C_RF_BVMHE_ELC_N,10.0,yrs
7278,CEN,C_RF_BVMHE_ELC_R,10.0,yrs
7280,CEN,C_RF_BVMST_ELC_N,10.0,yrs
7287,CEN,C_RF_BVM_ELC_R,10.0,yrs
7289,CEN,C_RF_CENHE_ELC_N,10.0,yrs
7296,CEN,C_RF_CENST_ELC_N,10.0,yrs
7303,CEN,C_RF_CEN_ELC_R,10.0,yrs
7305,CEN,C_RF_CMPHE_ELC_N,15.0,yrs
7312,CEN,C_RF_CMPST_ELC_N,15.0,yrs
7319,CEN,C_RF_CMP_ELC_R,15.0,yrs
7321,CEN,C_RF_CNDHE_ELC_N,10.0,yrs
7328,CEN,C_RF_CNDST_ELC_N,10.0,yrs
7335,CEN,C_RF_CND_ELC_R,10.0,yrs
7337,CEN,C_RF_ICMHE_ELC_N,8.0,yrs
7344,CEN,C_RF_ICMST_ELC_N,8.0,yrs
7351,CEN,C_RF_ICM_ELC_R,8.0,yrs
7353,CEN,C_RF_RIFHE_ELC_N,10.0,yrs
7360,CEN,C_RF_RIFHE_ELC_R,10.0,yrs
7362,CEN,C_RF_RIFST_ELC_N,10.0,yrs
7369,CEN,C_RF_RIF_ELC_R,10.0,yrs
7371,CEN,C_RF_RIRHE_ELC_N,10.0,yrs
7378,CEN,C_RF_RIRHE_ELC_R,10.0,yrs
7380,CEN,C_RF_RIRST_ELC_N,10.0,yrs
7387,CEN,C_RF_RIR_ELC_R,10.0,yrs
7389,CEN,C_RF_RVMHE_ELC_N,14.0,yrs
7396,CEN,C_RF_RVMST_ELC_N,14.0,yrs
7403,CEN,C_RF_RVM_ELC_R,14.0,yrs
7405,CEN,C_RF_WIFHE_ELC_N,10.0,yrs
7412,CEN,C_RF_WIFHE_ELC_R,10.0,yrs
7414,CEN,C_RF_WIFST_ELC_N,10.0,yrs
7421,CEN,C_RF_WIF_ELC_R,10.0,yrs
7423,CEN,C_RF_WIRHE_ELC_N,12.0,yrs
7430,CEN,C_RF_WIRHE_ELC_R,12.0,yrs
7432,CEN,C_RF_WIRST_ELC_N,12.0,yrs
7439,CEN,C_RF_WIR_ELC_R,12.0,yrs
7441,CEN,C_SC_CCCHE_ELC_N,25.0,yrs
7448,CEN,C_SC_CCCHE_ELC_R,25.0,yrs
7451,CEN,C_SC_CCCST_ELC_N,25.0,yrs
7458,CEN,C_SC_CCC_ELC_R,25.0,yrs
7461,CEN,C_SC_CHA_NGA_N,23.0,yrs
7468,CEN,C_SC_CHA_NGA_R,23.0,yrs
7471,CEN,C_SC_CHEDAHE_N,25.0,yrs
7478,CEN,C_SC_CHEDA_R,25.0,yrs
7481,CEN,C_SC_CRCHE_ELC_N,20.0,yrs
7488,CEN,C_SC_CRCHE_ELC_R,20.0,yrs
7491,CEN,C_SC_CRCST_ELC_N,20.0,yrs
7498,CEN,C_SC_CRC_ELC_R,20.0,yrs
7501,CEN,C_SC_CSCHE_ELC_N,20.0,yrs
7508,CEN,C_SC_CSCHE_ELC_R,20.0,yrs
7511,CEN,C_SC_CSCST_ELC_N,20.0,yrs
7518,CEN,C_SC_CSC_ELC_R,20.0,yrs
7521,CEN,C_SC_CSWHE_ELC_N,20.0,yrs
7528,CEN,C_SC_CSWHE_ELC_R,20.0,yrs
7531,CEN,C_SC_CSWST_ELC_N,20.0,yrs
7538,CEN,C_SC_CSW_ELC_R,20.0,yrs
7541,CEN,C_SC_RACHE_ELC_N,21.0,yrs
7548,CEN,C_SC_RACHE_ELC_R,21.0,yrs
7551,CEN,C_SC_RACST_ELC_N,21.0,yrs
7558,CEN,C_SC_RACST_NGA_N,15.0,yrs
7565,CEN,C_SC_RAC_ELC_R,21.0,yrs
7568,CEN,C_SC_RAC_NGA_R,15.0,yrs
7570,CEN,C_SH_BHE_DISTOIL_N,26.0,yrs
7577,CEN,C_SH_BHE_DISTOIL_R,30.0,yrs
7580,CEN,C_SH_BHE_NGA_N,25.0,yrs
7587,CEN,C_SH_BHE_NGA_R,25.0,yrs
7590,CEN,C_SH_BST_DISTOIL_N,26.0,yrs
7597,CEN,C_SH_BST_ELC_N,15.0,yrs
7604,CEN,C_SH_BST_NGA_N,25.0,yrs
7611,CEN,C_SH_B_DISTOIL_R,30.0,yrs
7614,CEN,C_SH_B_ELC_R,15.0,yrs
7616,CEN,C_SH_B_NGA_R,30.0,yrs
7619,CEN,C_SH_ERST_ELC_N,18.0,yrs
7626,CEN,C_SH_ER_ELC_R,18.0,yrs
7629,CEN,C_SH_FHE_NGA_N,23.0,yrs
7636,CEN,C_SH_FHE_NGA_R,23.0,yrs
7639,CEN,C_SH_FST_DISTOIL_N,23.0,yrs
7646,CEN,C_SH_FST_NGA_N,23.0,yrs
7653,CEN,C_SH_F_DISTOIL_R,23.0,yrs
7656,CEN,C_SH_F_NGA_R,23.0,yrs
7659,CEN,C_VT_CAVHE_ELC_N,20.0,yrs
7666,CEN,C_VT_CAVST_ELC_N,20.0,yrs
7673,CEN,C_VT_CAV_ELC_R,20.0,yrs
7676,CEN,C_VT_VAVHE_ELC_N,20.0,yrs
7683,CEN,C_VT_VAVST_ELC_N,20.0,yrs
7690,CEN,C_VT_VAV_ELC_R,20.0,yrs
7693,CEN,C_WH_DWHHE_DISTOIL_N,13.0,yrs
7700,CEN,C_WH_DWHHE_DISTOIL_R,13.0,yrs
7702,CEN,C_WH_DWHST_DISTOIL_N,13.0,yrs
7709,CEN,C_WH_DWH_DISTOIL_R,13.0,yrs
7711,CEN,C_WH_EWHST_ELC_N,12.0,yrs
7718,CEN,C_WH_HPST_ELC_N,15.0,yrs
7725,CEN,C_WH_HP_ELC_R,15.0,yrs
7727,CEN,C_WH_NWHHE_NGA_N,10.0,yrs
7734,CEN,C_WH_NWHHE_NGA_R,10.0,yrs
7736,CEN,C_WH_NWHST_NGA_N,10.0,yrs
7743,CEN,C_WH_NWH_NGA_R,13.0,yrs
7745,CEN,C_WH_SOLST_ELC_N,20.0,yrs
7752,CEN,C_WH_SOLST_ELC_R,20.0,yrs
7755,CEN,C_WH_SOL_ELC_R,20.0,yrs
7758,CEN,R_CD_ELC_R,13.0,yrs
7760,CEN,R_CD_HE_ELC_N,13.0,yrs
7767,CEN,R_CD_HE_NGA_N,13.0,yrs
7774,CEN,R_CD_NGA_R,13.0,yrs
7776,CEN,R_CD_ST_ELC_N,13.0,yrs
7783,CEN,R_CD_ST_NGA_N,13.0,yrs
7790,CEN,R_CK_OVHE_NGA_N,12.0,yrs
7797,CEN,R_CK_OVST_NGA_N,12.0,yrs
7804,CEN,R_CK_OV_NGA_R,12.0,yrs
7806,CEN,R_CK_TOPHE_ELC_N,19.0,yrs
7813,CEN,R_CK_TOPHE_NGA_N,12.0,yrs
7820,CEN,R_CK_TOPST_ELC_N,15.0,yrs
7827,CEN,R_CK_TOPST_NGA_N,12.0,yrs
7834,CEN,R_CK_TOP_ELC_R,15.0,yrs
7836,CEN,R_CK_TOP_NGA_R,12.0,yrs
7838,CEN,R_DW_ELC_R,14.0,yrs
7840,CEN,R_DW_HE_ELC_N,14.0,yrs
7847,CEN,R_DW_ST_ELC_N,14.0,yrs
7854,CEN,R_FZ_CHESTHE_N,22.0,yrs
7861,CEN,R_FZ_CHESTST_N,22.0,yrs
7868,CEN,R_FZ_CHEST_R,22.0,yrs
7871,CEN,R_FZ_UPRIGHTHE_N,22.0,yrs
7878,CEN,R_FZ_UPRIGHTST_N,22.0,yrs
7885,CEN,R_FZ_UPRIGHT_R,22.0,yrs
7888,CEN,R_HPELC_R,15.0,yrs
7896,CEN,R_HPHE_ELC_N,15.0,yrs
7924,CEN,R_HPHE_GEO_N,14.0,yrs
7952,CEN,R_HPST_ELC_N,15.0,yrs
7980,CEN,R_HPST_GEO_N,14.0,yrs
8008,CEN,R_HPST_NGA_N,15.0,yrs
8015,CEN,R_HP_GEO_R,14.0,yrs
8023,CEN,R_HP_NGA_N,15.0,yrs
8030,CEN,R_HP_NGA_R,15.0,yrs
8034,CEN,R_LT_CFLHE_GSL_N,17.0,yrs
8041,CEN,R_LT_CFLHE_RFL_N,17.0,yrs
8048,CEN,R_LT_CFLST_GSL_N,17.0,yrs
8055,CEN,R_LT_CFLST_RFL_N,17.0,yrs
8062,CEN,R_LT_CFLST_ROL_N,10.0,yrs
8069,CEN,R_LT_CFL_GSL_R,15.0,yrs
8071,CEN,R_LT_CFL_RFL_R,12.0,yrs
8073,CEN,R_LT_CFL_ROL_R,9.0,yrs
8075,CEN,R_LT_HALST_RFL_N,2.0,yrs
8082,CEN,R_LT_HALST_ROL_N,2.0,yrs
8089,CEN,R_LT_HAL_RFL_R,2.0,yrs
8090,CEN,R_LT_HAL_ROL_R,2.0,yrs
8091,CEN,R_LT_HIRST_RFL_N,7.0,yrs
8098,CEN,R_LT_HIRST_ROL_N,4.0,yrs
8105,CEN,R_LT_HIR_RFL_R,6.0,yrs
8106,CEN,R_LT_INCST_RFL_N,3.0,yrs
8113,CEN,R_LT_INCST_ROL_N,2.0,yrs
8120,CEN,R_LT_INC_RFL_R,3.0,yrs
8121,CEN,R_LT_INC_ROL_R,2.0,yrs
8122,CEN,R_LT_LED60HE_GSL_N,76.0,yrs
8129,CEN,R_LT_LED60ST_GSL_N,76.0,yrs
8136,CEN,R_LT_LED60_GSL_R,31.0,yrs
8139,CEN,R_LT_LEDHE_LUM_N,145.0,yrs
8146,CEN,R_LT_LEDHE_RFL_N,77.0,yrs
8153,CEN,R_LT_LEDHE_ROL_N,47.0,yrs
8160,CEN,R_LT_LEDST_LUM_N,145.0,yrs
8167,CEN,R_LT_LEDST_RFL_N,77.0,yrs
8174,CEN,R_LT_LEDST_ROL_N,47.0,yrs
8181,CEN,R_LT_LLRHE_L2L_N,73.0,yrs
8188,CEN,R_LT_LLRST_L2L_N,73.0,yrs
8195,CEN,R_LT_T5HE_LFL_N,47.0,yrs
8202,CEN,R_LT_T5ST_LFL_N,47.0,yrs
8209,CEN,R_LT_T8HE_LFL_N,38.0,yrs
8216,CEN,R_LT_T8ST_LFL_N,34.0,yrs
8223,CEN,R_LT_T8_LFL_R,29.0,yrs
8226,CEN,R_OW_ELC_N,25.0,yrs
8233,CEN,R_OW_ELC_R,25.0,yrs
8236,CEN,R_RF_BFELC_R,17.0,yrs
8239,CEN,R_RF_BFHE_ELC_N,17.0,yrs
8246,CEN,R_RF_BFST_ELC_N,17.0,yrs
8253,CEN,R_RF_SFELC_R,17.0,yrs
8256,CEN,R_RF_SFHE_ELC_N,17.0,yrs
8263,CEN,R_RF_SFST_ELC_N,17.0,yrs
8270,CEN,R_RF_TFELC_R,17.0,yrs
8273,CEN,R_RF_TFHE_ELC_N,17.0,yrs
8280,CEN,R_RF_TFST_ELC_N,17.0,yrs
8287,CEN,R_SC_CACELC_R,18.0,yrs
8293,CEN,R_SC_CACHE_ELC_N,18.0,yrs
8307,CEN,R_SC_CACST_ELC_N,18.0,yrs
8321,CEN,R_SC_RACELC_R,9.0,yrs
8325,CEN,R_SC_RACHE_ELC_N,9.0,yrs
8339,CEN,R_SC_RACST_ELC_N,9.0,yrs
8353,CEN,R_SH_BLRHE_DISTOIL_N,23.0,yrs
8360,CEN,R_SH_BLRHE_NGA_N,25.0,yrs
8367,CEN,R_SH_BLRST_DISTOIL_N,23.0,yrs
8374,CEN,R_SH_BLRST_NGA_N,25.0,yrs
8381,CEN,R_SH_BLR_DISTOIL_R,23.0,yrs
8384,CEN,R_SH_BLR_NGA_R,25.0,yrs
8387,CEN,R_SH_FDISTOIL_R,26.0,yrs
8390,CEN,R_SH_FHE_DISTOIL_N,26.0,yrs
8397,CEN,R_SH_FHE_NGA_N,21.0,yrs
8404,CEN,R_SH_FLPG_R,21.0,yrs
8407,CEN,R_SH_FNGA_R,21.0,yrs
8410,CEN,R_SH_FST_DISTOIL_N,26.0,yrs
8417,CEN,R_SH_FST_ELC_N,22.0,yrs
8424,CEN,R_SH_FST_LPG_N,21.0,yrs
8431,CEN,R_SH_FST_NGA_N,21.0,yrs
8438,CEN,R_SH_F_ELC_R,22.0,yrs
8441,CEN,R_SH_PLTHE_BIO_N,25.0,yrs
8448,CEN,R_SH_PLTST_BIO_N,25.0,yrs
8455,CEN,R_SH_RESST_ELC_N,22.0,yrs
8462,CEN,R_SH_RES_ELC_R,22.0,yrs
8465,CEN,R_SH_WHBIO_R,18.0,yrs
8468,CEN,R_SH_WHHE_BIO_N,18.0,yrs
8475,CEN,R_SH_WHST_BIO_N,18.0,yrs
8482,CEN,R_WH_ELC_R,13.0,yrs
8486,CEN,R_WH_ERHE_ELC_N,13.0,yrs
8500,CEN,R_WH_ERST_ELC_N,13.0,yrs
8514,CEN,R_WH_GFHE_NGA_N,13.0,yrs
8521,CEN,R_WH_GFST_NGA_N,13.0,yrs
8528,CEN,R_WH_GF_NGA_R,13.0,yrs
8530,CEN,R_WH_HPHE_ELC_N,13.0,yrs
8537,CEN,R_WH_HPST_ELC_N,13.0,yrs
8544,CEN,R_WH_OFHE_DISTOIL_N,13.0,yrs
8551,CEN,R_WH_OFST_DISTOIL_N,13.0,yrs
8558,CEN,R_WH_OF_DISTOIL_R,13.0,yrs
8560,CEN,R_WH_SOLELC_R,22.0,yrs
8566,CEN,R_WH_SOLST_ELC_N,22.0,yrs
8580,N_CEN,C_AHPHE_ELC_N,15.0,yrs
8594,N_CEN,C_AHPHE_ELC_R,20.0,yrs
8597,N_CEN,C_AHPST_ELC_N,15.0,yrs
8611,N_CEN,C_AHP_ELC_R,20.0,yrs
8617,N_CEN,C_CK_RANGEHE_ELC_N,12.0,yrs
8624,N_CEN,C_CK_RANGEHE_ELC_R,12.0,yrs
8626,N_CEN,C_CK_RANGEHE_NGA_N,12.0,yrs
8633,N_CEN,C_CK_RANGEHE_NGA_R,12.0,yrs
8635,N_CEN,C_CK_RANGEST_ELC_N,12.0,yrs
8642,N_CEN,C_CK_RANGEST_NGA_N,12.0,yrs
8649,N_CEN,C_CK_RANGE_ELC_R,12.0,yrs
8651,N_CEN,C_CK_RANGE_NGA_R,12.0,yrs
8653,N_CEN,C_GHPHE_ELC_N,14.0,yrs
8667,N_CEN,C_GHPHE_ELC_R,14.0,yrs
8669,N_CEN,C_GHPST_ELC_N,14.0,yrs
8683,N_CEN,C_GHP_ELC_R,14.0,yrs
8687,N_CEN,C_LT_8FTLEDHE_LFL_N,12.0,yrs
8694,N_CEN,C_LT_8FTLEDST_LFL_N,12.0,yrs
8701,N_CEN,C_LT_8FTLUMHE_LFL_N,24.0,yrs
8708,N_CEN,C_LT_8FTLUMST_LFL_N,24.0,yrs
8715,N_CEN,C_LT_8FTT8HE_LFL_N,6.0,yrs
8722,N_CEN,C_LT_8FTT8HOHE_LFL_N,5.0,yrs
8729,N_CEN,C_LT_8FTT8HOST_LFL_N,5.0,yrs
8736,N_CEN,C_LT_8FTT8HO_LFL_R,4.0,yrs
8737,N_CEN,C_LT_8FTT8ST_LFL_N,6.0,yrs
8744,N_CEN,C_LT_8FTT8_LFL_R,6.0,yrs
8745,N_CEN,C_LT_CFLHE_GSL_N,3.0,yrs
8752,N_CEN,C_LT_CFLST_GSL_N,3.0,yrs
8759,N_CEN,C_LT_CFL_GSL_R,3.0,yrs
8760,N_CEN,C_LT_HALST_RFL_N,2.0,yrs
8767,N_CEN,C_LT_HAL_RFL_R,2.0,yrs
8768,N_CEN,C_LT_HIRST_RFL_N,2.0,yrs
8775,N_CEN,C_LT_HIR_RFL_R,2.0,yrs
8776,N_CEN,C_LT_LEDHE_GSL_N,13.0,yrs
8783,N_CEN,C_LT_LEDHE_LFL_N,12.0,yrs
8790,N_CEN,C_LT_LEDHE_RFL_N,13.0,yrs
8797,N_CEN,C_LT_LEDST_GSL_N,13.0,yrs
8804,N_CEN,C_LT_LEDST_LFL_N,12.0,yrs
8811,N_CEN,C_LT_LEDST_RFL_N,13.0,yrs
8818,N_CEN,C_LT_LUMHE_HB_N,24.0,yrs
8825,N_CEN,C_LT_LUMHE_LB_N,24.0,yrs
8832,N_CEN,C_LT_LUMHE_LFL_N,24.0,yrs
8839,N_CEN,C_LT_LUMST_HB_N,24.0,yrs
8846,N_CEN,C_LT_LUMST_LB_N,24.0,yrs
8853,N_CEN,C_LT_LUMST_LFL_N,24.0,yrs
8860,N_CEN,C_LT_LUM_LFL_R,17.0,yrs
8863,N_CEN,C_LT_MERCST_HB_N,6.0,yrs
8870,N_CEN,C_LT_MERCST_LB_N,6.0,yrs
8877,N_CEN,C_LT_MERC_HB_R,6.0,yrs
8878,N_CEN,C_LT_MERC_LB_R,6.0,yrs
8879,N_CEN,C_LT_MTHALST_HB_N,4.0,yrs
8886,N_CEN,C_LT_MTHALST_LB_N,4.0,yrs
8893,N_CEN,C_LT_MTHAL_HB_R,4.0,yrs
8894,N_CEN,C_LT_MTHAL_LB_R,4.0,yrs
8895,N_CEN,C_LT_NAVAPST_HB_N,6.0,yrs
8902,N_CEN,C_LT_NAVAPST_LB_N,6.0,yrs
8909,N_CEN,C_LT_NAVAP_HB_R,6.0,yrs
8910,N_CEN,C_LT_NAVAP_LB_R,6.0,yrs
8911,N_CEN,C_LT_T5HE_LFL_N,8.0,yrs
8918,N_CEN,C_LT_T5HOHE_HB_N,7.0,yrs
8925,N_CEN,C_LT_T5HOST_HB_N,7.0,yrs
8932,N_CEN,C_LT_T5HO_HB_R,6.0,yrs
8933,N_CEN,C_LT_T5ST_LFL_N,8.0,yrs
8940,N_CEN,C_LT_T5_LFL_R,7.0,yrs
8942,N_CEN,C_LT_T8HE_LFL_N,6.0,yrs
8949,N_CEN,C_LT_T8ST_LFL_N,6.0,yrs
8956,N_CEN,C_LT_T8_LFL_R,6.0,yrs
8957,N_CEN,C_OW_DSL_N,25.0,yrs
8964,N_CEN,C_OW_DSL_R,25.0,yrs
8967,N_CEN,C_OW_ELC_N,25.0,yrs
8974,N_CEN,C_OW_ELC_R,25.0,yrs
8977,N_CEN,C_OW_NGA_N,25.0,yrs
8984,N_CEN,C_OW_NGA_R,25.0,yrs
8987,N_CEN,C_RF_BVMHE_ELC_N,10.0,yrs
8994,N_CEN,C_RF_BVMHE_ELC_R,10.0,yrs
8996,N_CEN,C_RF_BVMST_ELC_N,10.0,yrs
9003,N_CEN,C_RF_BVM_ELC_R,10.0,yrs
9005,N_CEN,C_RF_CENHE_ELC_N,10.0,yrs
9012,N_CEN,C_RF_CENST_ELC_N,10.0,yrs
9019,N_CEN,C_RF_CEN_ELC_R,10.0,yrs
9021,N_CEN,C_RF_CMPHE_ELC_N,15.0,yrs
9028,N_CEN,C_RF_CMPST_ELC_N,15.0,yrs
9035,N_CEN,C_RF_CMP_ELC_R,15.0,yrs
9037,N_CEN,C_RF_CNDHE_ELC_N,10.0,yrs
9044,N_CEN,C_RF_CNDST_ELC_N,10.0,yrs
9051,N_CEN,C_RF_CND_ELC_R,10.0,yrs
9053,N_CEN,C_RF_ICMHE_ELC_N,8.0,yrs
9060,N_CEN,C_RF_ICMST_ELC_N,8.0,yrs
9067,N_CEN,C_RF_ICM_ELC_R,8.0,yrs
9069,N_CEN,C_RF_RIFHE_ELC_N,10.0,yrs
9076,N_CEN,C_RF_RIFHE_ELC_R,10.0,yrs
9078,N_CEN,C_RF_RIFST_ELC_N,10.0,yrs
9085,N_CEN,C_RF_RIF_ELC_R,10.0,yrs
9087,N_CEN,C_RF_RIRHE_ELC_N,10.0,yrs
9094,N_CEN,C_RF_RIRHE_ELC_R,10.0,yrs
9096,N_CEN,C_RF_RIRST_ELC_N,10.0,yrs
9103,N_CEN,C_RF_RIR_ELC_R,10.0,yrs
9105,N_CEN,C_RF_RVMHE_ELC_N,14.0,yrs
9112,N_CEN,C_RF_RVMST_ELC_N,14.0,yrs
9119,N_CEN,C_RF_RVM_ELC_R,14.0,yrs
9121,N_CEN,C_RF_WIFHE_ELC_N,10.0,yrs
9128,N_CEN,C_RF_WIFHE_ELC_R,10.0,yrs
9130,N_CEN,C_RF_WIFST_ELC_N,10.0,yrs
9137,N_CEN,C_RF_WIF_ELC_R,10.0,yrs
9139,N_CEN,C_RF_WIRHE_ELC_N,12.0,yrs
9146,N_CEN,C_RF_WIRHE_ELC_R,12.0,yrs
9148,N_CEN,C_RF_WIRST_ELC_N,12.0,yrs
9155,N_CEN,C_RF_WIR_ELC_R,12.0,yrs
9157,N_CEN,C_SC_CCCHE_ELC_N,25.0,yrs
9164,N_CEN,C_SC_CCCHE_ELC_R,25.0,yrs
9167,N_CEN,C_SC_CCCST_ELC_N,25.0,yrs
9174,N_CEN,C_SC_CCC_ELC_R,25.0,yrs
9177,N_CEN,C_SC_CHA_NGA_N,23.0,yrs
9184,N_CEN,C_SC_CHA_NGA_R,23.0,yrs
9187,N_CEN,C_SC_CHEDAHE_N,25.0,yrs
9194,N_CEN,C_SC_CHEDA_R,25.0,yrs
9197,N_CEN,C_SC_CRCHE_ELC_N,20.0,yrs
9204,N_CEN,C_SC_CRCHE_ELC_R,20.0,yrs
9207,N_CEN,C_SC_CRCST_ELC_N,20.0,yrs
9214,N_CEN,C_SC_CRC_ELC_R,20.0,yrs
9217,N_CEN,C_SC_CSCHE_ELC_N,20.0,yrs
9224,N_CEN,C_SC_CSCHE_ELC_R,20.0,yrs
9227,N_CEN,C_SC_CSCST_ELC_N,20.0,yrs
9234,N_CEN,C_SC_CSC_ELC_R,20.0,yrs
9237,N_CEN,C_SC_CSWHE_ELC_N,20.0,yrs
9244,N_CEN,C_SC_CSWHE_ELC_R,20.0,yrs
9247,N_CEN,C_SC_CSWST_ELC_N,20.0,yrs
9254,N_CEN,C_SC_CSW_ELC_R,20.0,yrs
9257,N_CEN,C_SC_RACHE_ELC_N,21.0,yrs
9264,N_CEN,C_SC_RACHE_ELC_R,21.0,yrs
9267,N_CEN,C_SC_RACST_ELC_N,21.0,yrs
9274,N_CEN,C_SC_RACST_NGA_N,15.0,yrs
9281,N_CEN,C_SC_RAC_ELC_R,21.0,yrs
9284,N_CEN,C_SC_RAC_NGA_R,15.0,yrs
9286,N_CEN,C_SH_BHE_DISTOIL_N,26.0,yrs
9293,N_CEN,C_SH_BHE_DISTOIL_R,30.0,yrs
9296,N_CEN,C_SH_BHE_NGA_N,25.0,yrs
9303,N_CEN,C_SH_BHE_NGA_R,25.0,yrs
9306,N_CEN,C_SH_BST_DISTOIL_N,26.0,yrs
9313,N_CEN,C_SH_BST_ELC_N,15.0,yrs
9320,N_CEN,C_SH_BST_NGA_N,25.0,yrs
9327,N_CEN,C_SH_B_DISTOIL_R,30.0,yrs
9330,N_CEN,C_SH_B_ELC_R,15.0,yrs
9332,N_CEN,C_SH_B_NGA_R,30.0,yrs
9335,N_CEN,C_SH_ERST_ELC_N,18.0,yrs
9342,N_CEN,C_SH_ER_ELC_R,18.0,yrs
9345,N_CEN,C_SH_FHE_NGA_N,23.0,yrs
9352,N_CEN,C_SH_FHE_NGA_R,23.0,yrs
9355,N_CEN,C_SH_FST_DISTOIL_N,23.0,yrs
9362,N_CEN,C_SH_FST_NGA_N,23.0,yrs
9369,N_CEN,C_SH_F_DISTOIL_R,23.0,yrs
9372,N_CEN,C_SH_F_NGA_R,23.0,yrs
9375,N_CEN,C_VT_CAVHE_ELC_N,20.0,yrs
9382,N_CEN,C_VT_CAVST_ELC_N,20.0,yrs
9389,N_CEN,C_VT_CAV_ELC_R,20.0,yrs
9392,N_CEN,C_VT_VAVHE_ELC_N,20.0,yrs
9399,N_CEN,C_VT_VAVST_ELC_N,20.0,yrs
9406,N_CEN,C_VT_VAV_ELC_R,20.0,yrs
9409,N_CEN,C_WH_DWHHE_DISTOIL_N,13.0,yrs
9416,N_CEN,C_WH_DWHHE_DISTOIL_R,13.0,yrs
9418,N_CEN,C_WH_DWHST_DISTOIL_N,13.0,yrs
9425,N_CEN,C_WH_DWH_DISTOIL_R,13.0,yrs
9427,N_CEN,C_WH_EWHST_ELC_N,12.0,yrs
9434,N_CEN,C_WH_HPST_ELC_N,15.0,yrs
9441,N_CEN,C_WH_HP_ELC_R,15.0,yrs
9443,N_CEN,C_WH_NWHHE_NGA_N,10.0,yrs
9450,N_CEN,C_WH_NWHHE_NGA_R,10.0,yrs
9452,N_CEN,C_WH_NWHST_NGA_N,10.0,yrs
9459,N_CEN,C_WH_NWH_NGA_R,13.0,yrs
9461,N_CEN,C_WH_SOLST_ELC_N,20.0,yrs
9468,N_CEN,C_WH_SOLST_ELC_R,20.0,yrs
9471,N_CEN,C_WH_SOL_ELC_R,20.0,yrs
9474,N_CEN,R_CD_ELC_R,13.0,yrs
9476,N_CEN,R_CD_HE_ELC_N,13.0,yrs
9483,N_CEN,R_CD_HE_NGA_N,13.0,yrs
9490,N_CEN,R_CD_NGA_R,13.0,yrs
9492,N_CEN,R_CD_ST_ELC_N,13.0,yrs
9499,N_CEN,R_CD_ST_NGA_N,13.0,yrs
9506,N_CEN,R_CK_OVHE_NGA_N,12.0,yrs
9513,N_CEN,R_CK_OVST_NGA_N,12.0,yrs
9520,N_CEN,R_CK_OV_NGA_R,12.0,yrs
9522,N_CEN,R_CK_TOPHE_ELC_N,19.0,yrs
9529,N_CEN,R_CK_TOPHE_NGA_N,12.0,yrs
9536,N_CEN,R_CK_TOPST_ELC_N,15.0,yrs
9543,N_CEN,R_CK_TOPST_NGA_N,12.0,yrs
9550,N_CEN,R_CK_TOP_ELC_R,15.0,yrs
9552,N_CEN,R_CK_TOP_NGA_R,12.0,yrs
9554,N_CEN,R_DW_ELC_R,14.0,yrs
9556,N_CEN,R_DW_HE_ELC_N,14.0,yrs
9563,N_CEN,R_DW_ST_ELC_N,14.0,yrs
9570,N_CEN,R_FZ_CHESTHE_N,22.0,yrs
9577,N_CEN,R_FZ_CHESTST_N,22.0,yrs
9584,N_CEN,R_FZ_CHEST_R,22.0,yrs
9587,N_CEN,R_FZ_UPRIGHTHE_N,22.0,yrs
9594,N_CEN,R_FZ_UPRIGHTST_N,22.0,yrs
9601,N_CEN,R_FZ_UPRIGHT_R,22.0,yrs
9604,N_CEN,R_HPELC_R,15.0,yrs
9612,N_CEN,R_HPHE_ELC_N,15.0,yrs
9640,N_CEN,R_HPHE_GEO_N,14.0,yrs
9668,N_CEN,R_HPST_ELC_N,15.0,yrs
9696,N_CEN,R_HPST_GEO_N,14.0,yrs
9724,N_CEN,R_HPST_NGA_N,15.0,yrs
9731,N_CEN,R_HP_GEO_R,14.0,yrs
9739,N_CEN,R_HP_NGA_N,15.0,yrs
9746,N_CEN,R_HP_NGA_R,15.0,yrs
9750,N_CEN,R_LT_CFLHE_GSL_N,17.0,yrs
9757,N_CEN,R_LT_CFLHE_RFL_N,17.0,yrs
9764,N_CEN,R_LT_CFLST_GSL_N,17.0,yrs
9771,N_CEN,R_LT_CFLST_RFL_N,17.0,yrs
9778,N_CEN,R_LT_CFLST_ROL_N,10.0,yrs
9785,N_CEN,R_LT_CFL_GSL_R,15.0,yrs
9787,N_CEN,R_LT_CFL_RFL_R,12.0,yrs
9789,N_CEN,R_LT_CFL_ROL_R,9.0,yrs
9791,N_CEN,R_LT_HALST_RFL_N,2.0,yrs
9798,N_CEN,R_LT_HALST_ROL_N,2.0,yrs
9805,N_CEN,R_LT_HAL_RFL_R,2.0,yrs
9806,N_CEN,R_LT_HAL_ROL_R,2.0,yrs
9807,N_CEN,R_LT_HIRST_RFL_N,7.0,yrs
9814,N_CEN,R_LT_HIRST_ROL_N,4.0,yrs
9821,N_CEN,R_LT_HIR_RFL_R,6.0,yrs
9822,N_CEN,R_LT_INCST_RFL_N,3.0,yrs
9829,N_CEN,R_LT_INCST_ROL_N,2.0,yrs
9836,N_CEN,R_LT_INC_RFL_R,3.0,yrs
9837,N_CEN,R_LT_INC_ROL_R,2.0,yrs
9838,N_CEN,R_LT_LED60HE_GSL_N,76.0,yrs
9845,N_CEN,R_LT_LED60ST_GSL_N,76.0,yrs
9852,N_CEN,R_LT_LED60_GSL_R,31.0,yrs
9855,N_CEN,R_LT_LEDHE_LUM_N,145.0,yrs
9862,N_CEN,R_LT_LEDHE_RFL_N,77.0,yrs
9869,N_CEN,R_LT_LEDHE_ROL_N,47.0,yrs
9876,N_CEN,R_LT_LEDST_LUM_N,145.0,yrs
9883,N_CEN,R_LT_LEDST_RFL_N,77.0,yrs
9890,N_CEN,R_LT_LEDST_ROL_N,47.0,yrs
9897,N_CEN,R_LT_LLRHE_L2L_N,73.0,yrs
9904,N_CEN,R_LT_LLRST_L2L_N,73.0,yrs
9911,N_CEN,R_LT_T5HE_LFL_N,47.0,yrs
9918,N_CEN,R_LT_T5ST_LFL_N,47.0,yrs
9925,N_CEN,R_LT_T8HE_LFL_N,38.0,yrs
9932,N_CEN,R_LT_T8ST_LFL_N,34.0,yrs
9939,N_CEN,R_LT_T8_LFL_R,29.0,yrs
9942,N_CEN,R_OW_ELC_N,25.0,yrs
9949,N_CEN,R_OW_ELC_R,25.0,yrs
9952,N_CEN,R_RF_BFELC_R,17.0,yrs
9955,N_CEN,R_RF_BFHE_ELC_N,17.0,yrs
9962,N_CEN,R_RF_BFST_ELC_N,17.0,yrs
9969,N_CEN,R_RF_SFELC_R,17.0,yrs
9972,N_CEN,R_RF_SFHE_ELC_N,17.0,yrs
9979,N_CEN,R_RF_SFST_ELC_N,17.0,yrs
9986,N_CEN,R_RF_TFELC_R,17.0,yrs
9989,N_CEN,R_RF_TFHE_ELC_N,17.0,yrs
9996,N_CEN,R_RF_TFST_ELC_N,17.0,yrs
10003,N_CEN,R_SC_CACELC_R,18.0,yrs
10009,N_CEN,R_SC_CACHE_ELC_N,18.0,yrs
10023,N_CEN,R_SC_CACST_ELC_N,18.0,yrs
10037,N_CEN,R_SC_RACELC_R,9.0,yrs
10041,N_CEN,R_SC_RACHE_ELC_N,9.0,yrs
10055,N_CEN,R_SC_RACST_ELC_N,9.0,yrs
10069,N_CEN,R_SH_BLRHE_DISTOIL_N,23.0,yrs
10076,N_CEN,R_SH_BLRHE_NGA_N,25.0,yrs
10083,N_CEN,R_SH_BLRST_DISTOIL_N,23.0,yrs
10090,N_CEN,R_SH_BLRST_NGA_N,25.0,yrs
10097,N_CEN,R_SH_BLR_DISTOIL_R,23.0,yrs
10100,N_CEN,R_SH_BLR_NGA_R,25.0,yrs
10103,N_CEN,R_SH_FDISTOIL_R,26.0,yrs
10106,N_CEN,R_SH_FHE_DISTOIL_N,26.0,yrs
10113,N_CEN,R_SH_FHE_NGA_N,21.0,yrs
10120,N_CEN,R_SH_FLPG_R,21.0,yrs
10123,N_CEN,R_SH_FNGA_R,21.0,yrs
10126,N_CEN,R_SH_FST_DISTOIL_N,26.0,yrs
10133,N_CEN,R_SH_FST_ELC_N,22.0,yrs
10140,N_CEN,R_SH_FST_LPG_N,21.0,yrs
10147,N_CEN,R_SH_FST_NGA_N,21.0,yrs
10154,N_CEN,R_SH_F_ELC_R,22.0,yrs
10157,N_CEN,R_SH_PLTHE_BIO_N,25.0,yrs
10164,N_CEN,R_SH_PLTST_BIO_N,25.0,yrs
10171,N_CEN,R_SH_RESST_ELC_N,22.0,yrs
10178,N_CEN,R_SH_RES_ELC_R,22.0,yrs
10181,N_CEN,R_SH_WHBIO_R,18.0,yrs
10184,N_CEN,R_SH_WHHE_BIO_N,18.0,yrs
10191,N_CEN,R_SH_WHST_BIO_N,18.0,yrs
10198,N_CEN,R_WH_ELC_R,13.0,yrs
10202,N_CEN,R_WH_ERHE_ELC_N,13.0,yrs
10216,N_CEN,R_WH_ERST_ELC_N,13.0,yrs
10230,N_CEN,R_WH_GFHE_NGA_N,13.0,yrs
10237,N_CEN,R_WH_GFST_NGA_N,13.0,yrs
10244,N_CEN,R_WH_GF_NGA_R,13.0,yrs
10246,N_CEN,R_WH_HPHE_ELC_N,13.0,yrs
10253,N_CEN,R_WH_HPST_ELC_N,13.0,yrs
10260,N_CEN,R_WH_OFHE_DISTOIL_N,13.0,yrs
10267,N_CEN,R_WH_OFST_DISTOIL_N,13.0,yrs
10274,N_CEN,R_WH_OF_DISTOIL_R,13.0,yrs
10276,N_CEN,R_WH_SOLELC_R,22.0,yrs
10282,N_CEN,R_WH_SOLST_ELC_N,22.0,yrs
10296,SE,C_AHPHE_ELC_N,15.0,yrs
10310,SE,C_AHPHE_ELC_R,20.0,yrs
10313,SE,C_AHPST_ELC_N,15.0,yrs
10327,SE,C_AHP_ELC_R,20.0,yrs
10333,SE,C_CK_RANGEHE_ELC_N,12.0,yrs
10340,SE,C_CK_RANGEHE_ELC_R,12.0,yrs
10342,SE,C_CK_RANGEHE_NGA_N,12.0,yrs
10349,SE,C_CK_RANGEHE_NGA_R,12.0,yrs
10351,SE,C_CK_RANGEST_ELC_N,12.0,yrs
10358,SE,C_CK_RANGEST_NGA_N,12.0,yrs
10365,SE,C_CK_RANGE_ELC_R,12.0,yrs
10367,SE,C_CK_RANGE_NGA_R,12.0,yrs
10369,SE,C_GHPHE_ELC_N,14.0,yrs
10383,SE,C_GHPHE_ELC_R,14.0,yrs
10385,SE,C_GHPST_ELC_N,14.0,yrs
10399,SE,C_GHP_ELC_R,14.0,yrs
10403,SE,C_LT_8FTLEDHE_LFL_N,12.0,yrs
10410,SE,C_LT_8FTLEDST_LFL_N,12.0,yrs
10417,SE,C_LT_8FTLUMHE_LFL_N,24.0,yrs
10424,SE,C_LT_8FTLUMST_LFL_N,24.0,yrs
10431,SE,C_LT_8FTT8HE_LFL_N,6.0,yrs
10438,SE,C_LT_8FTT8HOHE_LFL_N,5.0,yrs
10445,SE,C_LT_8FTT8HOST_LFL_N,5.0,yrs
10452,SE,C_LT_8FTT8HO_LFL_R,4.0,yrs
10453,SE,C_LT_8FTT8ST_LFL_N,6.0,yrs
10460,SE,C_LT_8FTT8_LFL_R,6.0,yrs
10461,SE,C_LT_CFLHE_GSL_N,3.0,yrs
10468,SE,C_LT_CFLST_GSL_N,3.0,yrs
10475,SE,C_LT_CFL_GSL_R,3.0,yrs
10476,SE,C_LT_HALST_RFL_N,2.0,yrs
10483,SE,C_LT_HAL_RFL_R,2.0,yrs
10484,SE,C_LT_HIRST_RFL_N,2.0,yrs
10491,SE,C_LT_HIR_RFL_R,2.0,yrs
10492,SE,C_LT_LEDHE_GSL_N,13.0,yrs
10499,SE,C_LT_LEDHE_LFL_N,12.0,yrs
10506,SE,C_LT_LEDHE_RFL_N,13.0,yrs
10513,SE,C_LT_LEDST_GSL_N,13.0,yrs
10520,SE,C_LT_LEDST_LFL_N,12.0,yrs
10527,SE,C_LT_LEDST_RFL_N,13.0,yrs
10534,SE,C_LT_LUMHE_HB_N,24.0,yrs
10541,SE,C_LT_LUMHE_LB_N,24.0,yrs
10548,SE,C_LT_LUMHE_LFL_N,24.0,yrs
10555,SE,C_LT_LUMST_HB_N,24.0,yrs
10562,SE,C_LT_LUMST_LB_N,24.0,yrs
10569,SE,C_LT_LUMST_LFL_N,24.0,yrs
10576,SE,C_LT_LUM_LFL_R,17.0,yrs
10579,SE,C_LT_MERCST_HB_N,6.0,yrs
10586,SE,C_LT_MERCST_LB_N,6.0,yrs
10593,SE,C_LT_MERC_HB_R,6.0,yrs
10594,SE,C_LT_MERC_LB_R,6.0,yrs
10595,SE,C_LT_MTHALST_HB_N,4.0,yrs
10602,SE,C_LT_MTHALST_LB_N,4.0,yrs
10609,SE,C_LT_MTHAL_HB_R,4.0,yrs
10610,SE,C_LT_MTHAL_LB_R,4.0,yrs
10611,SE,C_LT_NAVAPST_HB_N,6.0,yrs
10618,SE,C_LT_NAVAPST_LB_N,6.0,yrs
10625,SE,C_LT_NAVAP_HB_R,6.0,yrs
10626,SE,C_LT_NAVAP_LB_R,6.0,yrs
10627,SE,C_LT_T5HE_LFL_N,8.0,yrs
10634,SE,C_LT_T5HOHE_HB_N,7.0,yrs
10641,SE,C_LT_T5HOST_HB_N,7.0,yrs
10648,SE,C_LT_T5HO_HB_R,6.0,yrs
10649,SE,C_LT_T5ST_LFL_N,8.0,yrs
10656,SE,C_LT_T5_LFL_R,7.0,yrs
10658,SE,C_LT_T8HE_LFL_N,6.0,yrs
10665,SE,C_LT_T8ST_LFL_N,6.0,yrs
10672,SE,C_LT_T8_LFL_R,6.0,yrs
10673,SE,C_OW_DSL_N,25.0,yrs
10680,SE,C_OW_DSL_R,25.0,yrs
10683,SE,C_OW_ELC_N,25.0,yrs
10690,SE,C_OW_ELC_R,25.0,yrs
10693,SE,C_OW_NGA_N,25.0,yrs
10700,SE,C_OW_NGA_R,25.0,yrs
10703,SE,C_RF_BVMHE_ELC_N,10.0,yrs
10710,SE,C_RF_BVMHE_ELC_R,10.0,yrs
10712,SE,C_RF_BVMST_ELC_N,10.0,yrs
10719,SE,C_RF_BVM_ELC_R,10.0,yrs
10721,SE,C_RF_CENHE_ELC_N,10.0,yrs
10728,SE,C_RF_CENST_ELC_N,10.0,yrs
10735,SE,C_RF_CEN_ELC_R,10.0,yrs
10737,SE,C_RF_CMPHE_ELC_N,15.0,yrs
10744,SE,C_RF_CMPST_ELC_N,15.0,yrs
10751,SE,C_RF_CMP_ELC_R,15.0,yrs
10753,SE,C_RF_CNDHE_ELC_N,10.0,yrs
10760,SE,C_RF_CNDST_ELC_N,10.0,yrs
10767,SE,C_RF_CND_ELC_R,10.0,yrs
10769,SE,C_RF_ICMHE_ELC_N,8.0,yrs
10776,SE,C_RF_ICMST_ELC_N,8.0,yrs
10783,SE,C_RF_ICM_ELC_R,8.0,yrs
10785,SE,C_RF_RIFHE_ELC_N,10.0,yrs
10792,SE,C_RF_RIFHE_ELC_R,10.0,yrs
10794,SE,C_RF_RIFST_ELC_N,10.0,yrs
10801,SE,C_RF_RIF_ELC_R,10.0,yrs
10803,SE,C_RF_RIRHE_ELC_N,10.0,yrs
10810,SE,C_RF_RIRHE_ELC_R,10.0,yrs
10812,SE,C_RF_RIRST_ELC_N,10.0,yrs
10819,SE,C_RF_RIR_ELC_R,10.0,yrs
10821,SE,C_RF_RVMHE_ELC_N,14.0,yrs
10828,SE,C_RF_RVMST_ELC_N,14.0,yrs
10835,SE,C_RF_RVM_ELC_R,14.0,yrs
10837,SE,C_RF_WIFHE_ELC_N,10.0,yrs
10844,SE,C_RF_WIFHE_ELC_R,10.0,yrs
10846,SE,C_RF_WIFST_ELC_N,10.0,yrs
10853,SE,C_RF_WIF_ELC_R,10.0,yrs
10855,SE,C_RF_WIRHE_ELC_N,12.0,yrs
10862,SE,C_RF_WIRHE_ELC_R,12.0,yrs
10864,SE,C_RF_WIRST_ELC_N,12.0,yrs
10871,SE,C_RF_WIR_ELC_R,12.0,yrs
10873,SE,C_SC_CCCHE_ELC_N,25.0,yrs
10880,SE,C_SC_CCCHE_ELC_R,25.0,yrs
10883,SE,C_SC_CCCST_ELC_N,25.0,yrs
10890,SE,C_SC_CCC_ELC_R,25.0,yrs
10893,SE,C_SC_CHA_NGA_N,23.0,yrs
10900,SE,C_SC_CHA_NGA_R,23.0,yrs
10903,SE,C_SC_CHEDAHE_N,25.0,yrs
10910,SE,C_SC_CHEDA_R,25.0,yrs
10913,SE,C_SC_CRCHE_ELC_N,20.0,yrs
10920,SE,C_SC_CRCHE_ELC_R,20.0,yrs
10923,SE,C_SC_CRCST_ELC_N,20.0,yrs
10930,SE,C_SC_CRC_ELC_R,20.0,yrs
10933,SE,C_SC_CSCHE_ELC_N,20.0,yrs
10940,SE,C_SC_CSCHE_ELC_R,20.0,yrs
10943,SE,C_SC_CSCST_ELC_N,20.0,yrs
10950,SE,C_SC_CSC_ELC_R,20.0,yrs
10953,SE,C_SC_CSWHE_ELC_N,20.0,yrs
10960,SE,C_SC_CSWHE_ELC_R,20.0,yrs
10963,SE,C_SC_CSWST_ELC_N,20.0,yrs
10970,SE,C_SC_CSW_ELC_R,20.0,yrs
10973,SE,C_SC_RACHE_ELC_N,21.0,yrs
10980,SE,C_SC_RACHE_ELC_R,21.0,yrs
10983,SE,C_SC_RACST_ELC_N,21.0,yrs
10990,SE,C_SC_RACST_NGA_N,15.0,yrs
10997,SE,C_SC_RAC_ELC_R,21.0,yrs
11000,SE,C_SC_RAC_NGA_R,15.0,yrs
11002,SE,C_SH_BHE_DISTOIL_N,26.0,yrs
11009,SE,C_SH_BHE_DISTOIL_R,30.0,yrs
11012,SE,C_SH_BHE_NGA_N,25.0,yrs
11019,SE,C_SH_BHE_NGA_R,25.0,yrs
11022,SE,C_SH_BST_DISTOIL_N,26.0,yrs
11029,SE,C_SH_BST_ELC_N,15.0,yrs
11036,SE,C_SH_BST_NGA_N,25.0,yrs
11043,SE,C_SH_B_DISTOIL_R,30.0,yrs
11046,SE,C_SH_B_ELC_R,15.0,yrs
11048,SE,C_SH_B_NGA_R,30.0,yrs
11051,SE,C_SH_ERST_ELC_N,18.0,yrs
11058,SE,C_SH_ER_ELC_R,18.0,yrs
11061,SE,C_SH_FHE_NGA_N,23.0,yrs
11068,SE,C_SH_FHE_NGA_R,23.0,yrs
11071,SE,C_SH_FST_DISTOIL_N,23.0,yrs
11078,SE,C_SH_FST_NGA_N,23.0,yrs
11085,SE,C_SH_F_DISTOIL_R,23.0,yrs
11088,SE,C_SH_F_NGA_R,23.0,yrs
11091,SE,C_VT_CAVHE_ELC_N,20.0,yrs
11098,SE,C_VT_CAVST_ELC_N,20.0,yrs
11105,SE,C_VT_CAV_ELC_R,20.0,yrs
11108,SE,C_VT_VAVHE_ELC_N,20.0,yrs
11115,SE,C_VT_VAVST_ELC_N,20.0,yrs
11122,SE,C_VT_VAV_ELC_R,20.0,yrs
11125,SE,C_WH_DWHHE_DISTOIL_N,13.0,yrs
11132,SE,C_WH_DWHHE_DISTOIL_R,13.0,yrs
11134,SE,C_WH_DWHST_DISTOIL_N,13.0,yrs
11141,SE,C_WH_DWH_DISTOIL_R,13.0,yrs
11143,SE,C_WH_EWHST_ELC_N,12.0,yrs
11150,SE,C_WH_HPST_ELC_N,15.0,yrs
11157,SE,C_WH_HP_ELC_R,15.0,yrs
11159,SE,C_WH_NWHHE_NGA_N,10.0,yrs
11166,SE,C_WH_NWHHE_NGA_R,10.0,yrs
11168,SE,C_WH_NWHST_NGA_N,10.0,yrs
11175,SE,C_WH_NWH_NGA_R,13.0,yrs
11177,SE,C_WH_SOLST_ELC_N,20.0,yrs
11184,SE,C_WH_SOLST_ELC_R,20.0,yrs
11187,SE,C_WH_SOL_ELC_R,20.0,yrs
11190,SE,R_CD_ELC_R,13.0,yrs
11192,SE,R_CD_HE_ELC_N,13.0,yrs
11199,SE,R_CD_HE_NGA_N,13.0,yrs
11206,SE,R_CD_NGA_R,13.0,yrs
11208,SE,R_CD_ST_ELC_N,13.0,yrs
11215,SE,R_CD_ST_NGA_N,13.0,yrs
11222,SE,R_CK_OVHE_NGA_N,12.0,yrs
11229,SE,R_CK_OVST_NGA_N,12.0,yrs
11236,SE,R_CK_OV_NGA_R,12.0,yrs
11238,SE,R_CK_TOPHE_ELC_N,19.0,yrs
11245,SE,R_CK_TOPHE_NGA_N,12.0,yrs
11252,SE,R_CK_TOPST_ELC_N,15.0,yrs
11259,SE,R_CK_TOPST_NGA_N,12.0,yrs
11266,SE,R_CK_TOP_ELC_R,15.0,yrs
11268,SE,R_CK_TOP_NGA_R,12.0,yrs
11270,SE,R_DW_ELC_R,14.0,yrs
11272,SE,R_DW_HE_ELC_N,14.0,yrs
11279,SE,R_DW_ST_ELC_N,14.0,yrs
11286,SE,R_FZ_CHESTHE_N,22.0,yrs
11293,SE,R_FZ_CHESTST_N,22.0,yrs
11300,SE,R_FZ_CHEST_R,22.0,yrs
11303,SE,R_FZ_UPRIGHTHE_N,22.0,yrs
11310,SE,R_FZ_UPRIGHTST_N,22.0,yrs
11317,SE,R_FZ_UPRIGHT_R,22.0,yrs
11320,SE,R_HPELC_R,15.0,yrs
11328,SE,R_HPHE_ELC_N,15.0,yrs
11356,SE,R_HPHE_GEO_N,14.0,yrs
11384,SE,R_HPST_ELC_N,15.0,yrs
11412,SE,R_HPST_GEO_N,14.0,yrs
11440,SE,R_HPST_NGA_N,15.0,yrs
11447,SE,R_HP_GEO_R,14.0,yrs
11455,SE,R_HP_NGA_N,15.0,yrs
11462,SE,R_HP_NGA_R,15.0,yrs
11466,SE,R_LT_CFLHE_GSL_N,17.0,yrs
11473,SE,R_LT_CFLHE_RFL_N,17.0,yrs
11480,SE,R_LT_CFLST_GSL_N,17.0,yrs
11487,SE,R_LT_CFLST_RFL_N,17.0,yrs
11494,SE,R_LT_CFLST_ROL_N,10.0,yrs
11501,SE,R_LT_CFL_GSL_R,15.0,yrs
11503,SE,R_LT_CFL_RFL_R,12.0,yrs
11505,SE,R_LT_CFL_ROL_R,9.0,yrs
11507,SE,R_LT_HALST_RFL_N,2.0,yrs
11514,SE,R_LT_HALST_ROL_N,2.0,yrs
11521,SE,R_LT_HAL_RFL_R,2.0,yrs
11522,SE,R_LT_HAL_ROL_R,2.0,yrs
11523,SE,R_LT_HIRST_RFL_N,7.0,yrs
11530,SE,R_LT_HIRST_ROL_N,4.0,yrs
11537,SE,R_LT_HIR_RFL_R,6.0,yrs
11538,SE,R_LT_INCST_RFL_N,3.0,yrs
11545,SE,R_LT_INCST_ROL_N,2.0,yrs
11552,SE,R_LT_INC_RFL_R,3.0,yrs
11553,SE,R_LT_INC_ROL_R,2.0,yrs
11554,SE,R_LT_LED60HE_GSL_N,76.0,yrs
11561,SE,R_LT_LED60ST_GSL_N,76.0,yrs
11568,SE,R_LT_LED60_GSL_R,31.0,yrs
11571,SE,R_LT_LEDHE_LUM_N,145.0,yrs
11578,SE,R_LT_LEDHE_RFL_N,77.0,yrs
11585,SE,R_LT_LEDHE_ROL_N,47.0,yrs
11592,SE,R_LT_LEDST_LUM_N,145.0,yrs
11599,SE,R_LT_LEDST_RFL_N,77.0,yrs
11606,SE,R_LT_LEDST_ROL_N,47.0,yrs
11613,SE,R_LT_LLRHE_L2L_N,73.0,yrs
11620,SE,R_LT_LLRST_L2L_N,73.0,yrs
11627,SE,R_LT_T5HE_LFL_N,47.0,yrs
11634,SE,R_LT_T5ST_LFL_N,47.0,yrs
11641,SE,R_LT_T8HE_LFL_N,38.0,yrs
11648,SE,R_LT_T8ST_LFL_N,34.0,yrs
11655,SE,R_LT_T8_LFL_R,29.0,yrs
11658,SE,R_OW_ELC_N,25.0,yrs
11665,SE,R_OW_ELC_R,25.0,yrs
11668,SE,R_RF_BFELC_R,17.0,yrs
11671,SE,R_RF_BFHE_ELC_N,17.0,yrs
11678,SE,R_RF_BFST_ELC_N,17.0,yrs
11685,SE,R_RF_SFELC_R,17.0,yrs
11688,SE,R_RF_SFHE_ELC_N,17.0,yrs
11695,SE,R_RF_SFST_ELC_N,17.0,yrs
11702,SE,R_RF_TFELC_R,17.0,yrs
11705,SE,R_RF_TFHE_ELC_N,17.0,yrs
11712,SE,R_RF_TFST_ELC_N,17.0,yrs
11719,SE,R_SC_CACELC_R,18.0,yrs
11725,SE,R_SC_CACHE_ELC_N,18.0,yrs
11739,SE,R_SC_CACST_ELC_N,18.0,yrs
11753,SE,R_SC_RACELC_R,9.0,yrs
11757,SE,R_SC_RACHE_ELC_N,9.0,yrs
11771,SE,R_SC_RACST_ELC_N,9.0,yrs
11785,SE,R_SH_BLRHE_DISTOIL_N,23.0,yrs
11792,SE,R_SH_BLRHE_NGA_N,25.0,yrs
11799,SE,R_SH_BLRST_DISTOIL_N,23.0,yrs
11806,SE,R_SH_BLRST_NGA_N,25.0,yrs
11813,SE,R_SH_BLR_DISTOIL_R,23.0,yrs
11816,SE,R_SH_BLR_NGA_R,25.0,yrs
11819,SE,R_SH_FDISTOIL_R,26.0,yrs
11822,SE,R_SH_FHE_DISTOIL_N,26.0,yrs
11829,SE,R_SH_FHE_NGA_N,21.0,yrs
11836,SE,R_SH_FLPG_R,21.0,yrs
11839,SE,R_SH_FNGA_R,21.0,yrs
11842,SE,R_SH_FST_DISTOIL_N,26.0,yrs
11849,SE,R_SH_FST_ELC_N,22.0,yrs
11856,SE,R_SH_FST_LPG_N,21.0,yrs
11863,SE,R_SH_FST_NGA_N,21.0,yrs
11870,SE,R_SH_F_ELC_R,22.0,yrs
11873,SE,R_SH_PLTHE_BIO_N,25.0,yrs
11880,SE,R_SH_PLTST_BIO_N,25.0,yrs
11887,SE,R_SH_RESST_ELC_N,22.0,yrs
11894,SE,R_SH_RES_ELC_R,22.0,yrs
11897,SE,R_SH_WHBIO_R,18.0,yrs
11900,SE,R_SH_WHHE_BIO_N,18.0,yrs
11907,SE,R_SH_WHST_BIO_N,18.0,yrs
11914,SE,R_WH_ELC_R,13.0,yrs
11918,SE,R_WH_ERHE_ELC_N,13.0,yrs
11932,SE,R_WH_ERST_ELC_N,13.0,yrs
11946,SE,R_WH_GFHE_NGA_N,13.0,yrs
11953,SE,R_WH_GFST_NGA_N,13.0,yrs
11960,SE,R_WH_GF_NGA_R,13.0,yrs
11962,SE,R_WH_HPHE_ELC_N,13.0,yrs
11969,SE,R_WH_HPST_ELC_N,13.0,yrs
11976,SE,R_WH_OFHE_DISTOIL_N,13.0,yrs
11983,SE,R_WH_OFST_DISTOIL_N,13.0,yrs
11990,SE,R_WH_OF_DISTOIL_R,13.0,yrs
11992,SE,R_WH_SOLELC_R,22.0,yrs
11998,SE,R_WH_SOLST_ELC_N,22.0,yrs
12012,MID_AT,C_AHPHE_ELC_N,15.0,yrs
12026,MID_AT,C_AHPHE_ELC_R,20.0,yrs
12029,MID_AT,C_AHPST_ELC_N,15.0,yrs
12043,MID_AT,C_AHP_ELC_R,20.0,yrs
12049,MID_AT,C_CK_RANGEHE_ELC_N,12.0,yrs
12056,MID_AT,C_CK_RANGEHE_ELC_R,12.0,yrs
12058,MID_AT,C_CK_RANGEHE_NGA_N,12.0,yrs
12065,MID_AT,C_CK_RANGEHE_NGA_R,12.0,yrs
12067,MID_AT,C_CK_RANGEST_ELC_N,12.0,yrs
12074,MID_AT,C_CK_RANGEST_NGA_N,12.0,yrs
12081,MID_AT,C_CK_RANGE_ELC_R,12.0,yrs
12083,MID_AT,C_CK_RANGE_NGA_R,12.0,yrs
12085,MID_AT,C_GHPHE_ELC_N,14.0,yrs
12099,MID_AT,C_GHPHE_ELC_R,14.0,yrs
12101,MID_AT,C_GHPST_ELC_N,14.0,yrs
12115,MID_AT,C_GHP_ELC_R,14.0,yrs
12119,MID_AT,C_LT_8FTLEDHE_LFL_N,12.0,yrs
12126,MID_AT,C_LT_8FTLEDST_LFL_N,12.0,yrs
12133,MID_AT,C_LT_8FTLUMHE_LFL_N,24.0,yrs
12140,MID_AT,C_LT_8FTLUMST_LFL_N,24.0,yrs
12147,MID_AT,C_LT_8FTT8HE_LFL_N,6.0,yrs
12154,MID_AT,C_LT_8FTT8HOHE_LFL_N,5.0,yrs
12161,MID_AT,C_LT_8FTT8HOST_LFL_N,5.0,yrs
12168,MID_AT,C_LT_8FTT8HO_LFL_R,4.0,yrs
12169,MID_AT,C_LT_8FTT8ST_LFL_N,6.0,yrs
12176,MID_AT,C_LT_8FTT8_LFL_R,6.0,yrs
12177,MID_AT,C_LT_CFLHE_GSL_N,3.0,yrs
12184,MID_AT,C_LT_CFLST_GSL_N,3.0,yrs
12191,MID_AT,C_LT_CFL_GSL_R,3.0,yrs
12192,MID_AT,C_LT_HALST_RFL_N,2.0,yrs
12199,MID_AT,C_LT_HAL_RFL_R,2.0,yrs
12200,MID_AT,C_LT_HIRST_RFL_N,2.0,yrs
12207,MID_AT,C_LT_HIR_RFL_R,2.0,yrs
12208,MID_AT,C_LT_LEDHE_GSL_N,13.0,yrs
12215,MID_AT,C_LT_LEDHE_LFL_N,12.0,yrs
12222,MID_AT,C_LT_LEDHE_RFL_N,13.0,yrs
12229,MID_AT,C_LT_LEDST_GSL_N,13.0,yrs
12236,MID_AT,C_LT_LEDST_LFL_N,12.0,yrs
12243,MID_AT,C_LT_LEDST_RFL_N,13.0,yrs
12250,MID_AT,C_LT_LUMHE_HB_N,24.0,yrs
12257,MID_AT,C_LT_LUMHE_LB_N,24.0,yrs
12264,MID_AT,C_LT_LUMHE_LFL_N,24.0,yrs
12271,MID_AT,C_LT_LUMST_HB_N,24.0,yrs
12278,MID_AT,C_LT_LUMST_LB_N,24.0,yrs
12285,MID_AT,C_LT_LUMST_LFL_N,24.0,yrs
12292,MID_AT,C_LT_LUM_LFL_R,17.0,yrs
12295,MID_AT,C_LT_MERCST_HB_N,6.0,yrs
12302,MID_AT,C_LT_MERCST_LB_N,6.0,yrs
12309,MID_AT,C_LT_MERC_HB_R,6.0,yrs
12310,MID_AT,C_LT_MERC_LB_R,6.0,yrs
12311,MID_AT,C_LT_MTHALST_HB_N,4.0,yrs
12318,MID_AT,C_LT_MTHALST_LB_N,4.0,yrs
12325,MID_AT,C_LT_MTHAL_HB_R,4.0,yrs
12326,MID_AT,C_LT_MTHAL_LB_R,4.0,yrs
12327,MID_AT,C_LT_NAVAPST_HB_N,6.0,yrs
12334,MID_AT,C_LT_NAVAPST_LB_N,6.0,yrs
12341,MID_AT,C_LT_NAVAP_HB_R,6.0,yrs
12342,MID_AT,C_LT_NAVAP_LB_R,6.0,yrs
12343,MID_AT,C_LT_T5HE_LFL_N,8.0,yrs
12350,MID_AT,C_LT_T5HOHE_HB_N,7.0,yrs
12357,MID_AT,C_LT_T5HOST_HB_N,7.0,yrs
12364,MID_AT,C_LT_T5HO_HB_R,6.0,yrs
12365,MID_AT,C_LT_T5ST_LFL_N,8.0,yrs
12372,MID_AT,C_LT_T5_LFL_R,7.0,yrs
12374,MID_AT,C_LT_T8HE_LFL_N,6.0,yrs
12381,MID_AT,C_LT_T8ST_LFL_N,6.0,yrs
12388,MID_AT,C_LT_T8_LFL_R,6.0,yrs
12389,MID_AT,C_OW_DSL_N,25.0,yrs
12396,MID_AT,C_OW_DSL_R,25.0,yrs
12399,MID_AT,C_OW_ELC_N,25.0,yrs
12406,MID_AT,C_OW_ELC_R,25.0,yrs
12409,MID_AT,C_OW_NGA_N,25.0,yrs
12416,MID_AT,C_OW_NGA_R,25.0,yrs
12419,MID_AT,C_RF_BVMHE_ELC_N,10.0,yrs
12426,MID_AT,C_RF_BVMHE_ELC_R,10.0,yrs
12428,MID_AT,C_RF_BVMST_ELC_N,10.0,yrs
12435,MID_AT,C_RF_BVM_ELC_R,10.0,yrs
12437,MID_AT,C_RF_CENHE_ELC_N,10.0,yrs
12444,MID_AT,C_RF_CENST_ELC_N,10.0,yrs
12451,MID_AT,C_RF_CEN_ELC_R,10.0,yrs
12453,MID_AT,C_RF_CMPHE_ELC_N,15.0,yrs
12460,MID_AT,C_RF_CMPST_ELC_N,15.0,yrs
12467,MID_AT,C_RF_CMP_ELC_R,15.0,yrs
12469,MID_AT,C_RF_CNDHE_ELC_N,10.0,yrs
12476,MID_AT,C_RF_CNDST_ELC_N,10.0,yrs
12483,MID_AT,C_RF_CND_ELC_R,10.0,yrs
12485,MID_AT,C_RF_ICMHE_ELC_N,8.0,yrs
12492,MID_AT,C_RF_ICMST_ELC_N,8.0,yrs
12499,MID_AT,C_RF_ICM_ELC_R,8.0,yrs
12501,MID_AT,C_RF_RIFHE_ELC_N,10.0,yrs
12508,MID_AT,C_RF_RIFHE_ELC_R,10.0,yrs
12510,MID_AT,C_RF_RIFST_ELC_N,10.0,yrs
12517,MID_AT,C_RF_RIF_ELC_R,10.0,yrs
12519,MID_AT,C_RF_RIRHE_ELC_N,10.0,yrs
12526,MID_AT,C_RF_RIRHE_ELC_R,10.0,yrs
12528,MID_AT,C_RF_RIRST_ELC_N,10.0,yrs
12535,MID_AT,C_RF_RIR_ELC_R,10.0,yrs
12537,MID_AT,C_RF_RVMHE_ELC_N,14.0,yrs
12544,MID_AT,C_RF_RVMST_ELC_N,14.0,yrs
12551,MID_AT,C_RF_RVM_ELC_R,14.0,yrs
12553,MID_AT,C_RF_WIFHE_ELC_N,10.0,yrs
12560,MID_AT,C_RF_WIFHE_ELC_R,10.0,yrs
12562,MID_AT,C_RF_WIFST_ELC_N,10.0,yrs
12569,MID_AT,C_RF_WIF_ELC_R,10.0,yrs
12571,MID_AT,C_RF_WIRHE_ELC_N,12.0,yrs
12578,MID_AT,C_RF_WIRHE_ELC_R,12.0,yrs
12580,MID_AT,C_RF_WIRST_ELC_N,12.0,yrs
12587,MID_AT,C_RF_WIR_ELC_R,12.0,yrs
12589,MID_AT,C_SC_CCCHE_ELC_N,25.0,yrs
12596,MID_AT,C_SC_CCCHE_ELC_R,25.0,yrs
12599,MID_AT,C_SC_CCCST_ELC_N,25.0,yrs
12606,MID_AT,C_SC_CCC_ELC_R,25.0,yrs
12609,MID_AT,C_SC_CHA_NGA_N,23.0,yrs
12616,MID_AT,C_SC_CHA_NGA_R,23.0,yrs
12619,MID_AT,C_SC_CHEDAHE_N,25.0,yrs
12626,MID_AT,C_SC_CHEDA_R,25.0,yrs
12629,MID_AT,C_SC_CRCHE_ELC_N,20.0,yrs
12636,MID_AT,C_SC_CRCHE_ELC_R,20.0,yrs
12639,MID_AT,C_SC_CRCST_ELC_N,20.0,yrs
12646,MID_AT,C_SC_CRC_ELC_R,20.0,yrs
12649,MID_AT,C_SC_CSCHE_ELC_N,20.0,yrs
12656,MID_AT,C_SC_CSCHE_ELC_R,20.0,yrs
12659,MID_AT,C_SC_CSCST_ELC_N,20.0,yrs
12666,MID_AT,C_SC_CSC_ELC_R,20.0,yrs
12669,MID_AT,C_SC_CSWHE_ELC_N,20.0,yrs
12676,MID_AT,C_SC_CSWHE_ELC_R,20.0,yrs
12679,MID_AT,C_SC_CSWST_ELC_N,20.0,yrs
12686,MID_AT,C_SC_CSW_ELC_R,20.0,yrs
12689,MID_AT,C_SC_RACHE_ELC_N,21.0,yrs
12696,MID_AT,C_SC_RACHE_ELC_R,21.0,yrs
12699,MID_AT,C_SC_RACST_ELC_N,21.0,yrs
12706,MID_AT,C_SC_RACST_NGA_N,15.0,yrs
12713,MID_AT,C_SC_RAC_ELC_R,21.0,yrs
12716,MID_AT,C_SC_RAC_NGA_R,15.0,yrs
12718,MID_AT,C_SH_BHE_DISTOIL_N,26.0,yrs
12725,MID_AT,C_SH_BHE_DISTOIL_R,30.0,yrs
12728,MID_AT,C_SH_BHE_NGA_N,25.0,yrs
12735,MID_AT,C_SH_BHE_NGA_R,25.0,yrs
12738,MID_AT,C_SH_BST_DISTOIL_N,26.0,yrs
12745,MID_AT,C_SH_BST_ELC_N,15.0,yrs
12752,MID_AT,C_SH_BST_NGA_N,25.0,yrs
12759,MID_AT,C_SH_B_DISTOIL_R,30.0,yrs
12762,MID_AT,C_SH_B_ELC_R,15.0,yrs
12764,MID_AT,C_SH_B_NGA_R,30.0,yrs
12767,MID_AT,C_SH_ERST_ELC_N,18.0,yrs
12774,MID_AT,C_SH_ER_ELC_R,18.0,yrs
12777,MID_AT,C_SH_FHE_NGA_N,23.0,yrs
12784,MID_AT,C_SH_FHE_NGA_R,23.0,yrs
12787,MID_AT,C_SH_FST_DISTOIL_N,23.0,yrs
12794,MID_AT,C_SH_FST_NGA_N,23.0,yrs
12801,MID_AT,C_SH_F_DISTOIL_R,23.0,yrs
12804,MID_AT,C_SH_F_NGA_R,23.0,yrs
12807,MID_AT,C_VT_CAVHE_ELC_N,20.0,yrs
12814,MID_AT,C_VT_CAVST_ELC_N,20.0,yrs
12821,MID_AT,C_VT_CAV_ELC_R,20.0,yrs
12824,MID_AT,C_VT_VAVHE_ELC_N,20.0,yrs
12831,MID_AT,C_VT_VAVST_ELC_N,20.0,yrs
12838,MID_AT,C_VT_VAV_ELC_R,20.0,yrs
12841,MID_AT,C_WH_DWHHE_DISTOIL_N,13.0,yrs
12848,MID_AT,C_WH_DWHHE_DISTOIL_R,13.0,yrs
12850,MID_AT,C_WH_DWHST_DISTOIL_N,13.0,yrs
12857,MID_AT,C_WH_DWH_DISTOIL_R,13.0,yrs
12859,MID_AT,C_WH_EWHST_ELC_N,12.0,yrs
12866,MID_AT,C_WH_HPST_ELC_N,15.0,yrs
12873,MID_AT,C_WH_HP_ELC_R,15.0,yrs
12875,MID_AT,C_WH_NWHHE_NGA_N,10.0,yrs
12882,MID_AT,C_WH_NWHHE_NGA_R,10.0,yrs
12884,MID_AT,C_WH_NWHST_NGA_N,10.0,yrs
12891,MID_AT,C_WH_NWH_NGA_R,13.0,yrs
12893,MID_AT,C_WH_SOLST_ELC_N,20.0,yrs
12900,MID_AT,C_WH_SOLST_ELC_R,20.0,yrs
12903,MID_AT,C_WH_SOL_ELC_R,20.0,yrs
12906,MID_AT,R_CD_ELC_R,13.0,yrs
12908,MID_AT,R_CD_HE_ELC_N,13.0,yrs
12915,MID_AT,R_CD_HE_NGA_N,13.0,yrs
12922,MID_AT,R_CD_NGA_R,13.0,yrs
12924,MID_AT,R_CD_ST_ELC_N,13.0,yrs
12931,MID_AT,R_CD_ST_NGA_N,13.0,yrs
12938,MID_AT,R_CK_OVHE_NGA_N,12.0,yrs
12945,MID_AT,R_CK_OVST_NGA_N,12.0,yrs
12952,MID_AT,R_CK_OV_NGA_R,12.0,yrs
12954,MID_AT,R_CK_TOPHE_ELC_N,19.0,yrs
12961,MID_AT,R_CK_TOPHE_NGA_N,12.0,yrs
12968,MID_AT,R_CK_TOPST_ELC_N,15.0,yrs
12975,MID_AT,R_CK_TOPST_NGA_N,12.0,yrs
12982,MID_AT,R_CK_TOP_ELC_R,15.0,yrs
12984,MID_AT,R_CK_TOP_NGA_R,12.0,yrs
12986,MID_AT,R_DW_ELC_R,14.0,yrs
12988,MID_AT,R_DW_HE_ELC_N,14.0,yrs
12995,MID_AT,R_DW_ST_ELC_N,14.0,yrs
13002,MID_AT,R_FZ_CHESTHE_N,22.0,yrs
13009,MID_AT,R_FZ_CHESTST_N,22.0,yrs
13016,MID_AT,R_FZ_CHEST_R,22.0,yrs
13019,MID_AT,R_FZ_UPRIGHTHE_N,22.0,yrs
13026,MID_AT,R_FZ_UPRIGHTST_N,22.0,yrs
13033,MID_AT,R_FZ_UPRIGHT_R,22.0,yrs
13036,MID_AT,R_HPELC_R,15.0,yrs
13044,MID_AT,R_HPHE_ELC_N,15.0,yrs
13072,MID_AT,R_HPHE_GEO_N,14.0,yrs
13100,MID_AT,R_HPST_ELC_N,15.0,yrs
13128,MID_AT,R_HPST_GEO_N,14.0,yrs
13156,MID_AT,R_HPST_NGA_N,15.0,yrs
13163,MID_AT,R_HP_GEO_R,14.0,yrs
13171,MID_AT,R_HP_NGA_N,15.0,yrs
13178,MID_AT,R_HP_NGA_R,15.0,yrs
13182,MID_AT,R_LT_CFLHE_GSL_N,17.0,yrs
13189,MID_AT,R_LT_CFLHE_RFL_N,17.0,yrs
13196,MID_AT,R_LT_CFLST_GSL_N,17.0,yrs
13203,MID_AT,R_LT_CFLST_RFL_N,17.0,yrs
13210,MID_AT,R_LT_CFLST_ROL_N,10.0,yrs
13217,MID_AT,R_LT_CFL_GSL_R,15.0,yrs
13219,MID_AT,R_LT_CFL_RFL_R,12.0,yrs
13221,MID_AT,R_LT_CFL_ROL_R,9.0,yrs
13223,MID_AT,R_LT_HALST_RFL_N,2.0,yrs
13230,MID_AT,R_LT_HALST_ROL_N,2.0,yrs
13237,MID_AT,R_LT_HAL_RFL_R,2.0,yrs
13238,MID_AT,R_LT_HAL_ROL_R,2.0,yrs
13239,MID_AT,R_LT_HIRST_RFL_N,7.0,yrs
13246,MID_AT,R_LT_HIRST_ROL_N,4.0,yrs
13253,MID_AT,R_LT_HIR_RFL_R,6.0,yrs
13254,MID_AT,R_LT_INCST_RFL_N,3.0,yrs
13261,MID_AT,R_LT_INCST_ROL_N,2.0,yrs
13268,MID_AT,R_LT_INC_RFL_R,3.0,yrs
13269,MID_AT,R_LT_INC_ROL_R,2.0,yrs
13270,MID_AT,R_LT_LED60HE_GSL_N,76.0,yrs
13277,MID_AT,R_LT_LED60ST_GSL_N,76.0,yrs
13284,MID_AT,R_LT_LED60_GSL_R,31.0,yrs
13287,MID_AT,R_LT_LEDHE_LUM_N,145.0,yrs
13294,MID_AT,R_LT_LEDHE_RFL_N,77.0,yrs
13301,MID_AT,R_LT_LEDHE_ROL_N,47.0,yrs
13308,MID_AT,R_LT_LEDST_LUM_N,145.0,yrs
13315,MID_AT,R_LT_LEDST_RFL_N,77.0,yrs
13322,MID_AT,R_LT_LEDST_ROL_N,47.0,yrs
13329,MID_AT,R_LT_LLRHE_L2L_N,73.0,yrs
13336,MID_AT,R_LT_LLRST_L2L_N,73.0,yrs
13343,MID_AT,R_LT_T5HE_LFL_N,47.0,yrs
13350,MID_AT,R_LT_T5ST_LFL_N,47.0,yrs
13357,MID_AT,R_LT_T8HE_LFL_N,38.0,yrs
13364,MID_AT,R_LT_T8ST_LFL_N,34.0,yrs
13371,MID_AT,R_LT_T8_LFL_R,29.0,yrs
13374,MID_AT,R_OW_ELC_N,25.0,yrs
13381,MID_AT,R_OW_ELC_R,25.0,yrs
13384,MID_AT,R_RF_BFELC_R,17.0,yrs
13387,MID_AT,R_RF_BFHE_ELC_N,17.0,yrs
13394,MID_AT,R_RF_BFST_ELC_N,17.0,yrs
13401,MID_AT,R_RF_SFELC_R,17.0,yrs
13404,MID_AT,R_RF_SFHE_ELC_N,17.0,yrs
13411,MID_AT,R_RF_SFST_ELC_N,17.0,yrs
13418,MID_AT,R_RF_TFELC_R,17.0,yrs
13421,MID_AT,R_RF_TFHE_ELC_N,17.0,yrs
13428,MID_AT,R_RF_TFST_ELC_N,17.0,yrs
13435,MID_AT,R_SC_CACELC_R,18.0,yrs
13441,MID_AT,R_SC_CACHE_ELC_N,18.0,yrs
13455,MID_AT,R_SC_CACST_ELC_N,18.0,yrs
13469,MID_AT,R_SC_RACELC_R,9.0,yrs
13473,MID_AT,R_SC_RACHE_ELC_N,9.0,yrs
13487,MID_AT,R_SC_RACST_ELC_N,9.0,yrs
13501,MID_AT,R_SH_BLRHE_DISTOIL_N,23.0,yrs
13508,MID_AT,R_SH_BLRHE_NGA_N,25.0,yrs
13515,MID_AT,R_SH_BLRST_DISTOIL_N,23.0,yrs
13522,MID_AT,R_SH_BLRST_NGA_N,25.0,yrs
13529,MID_AT,R_SH_BLR_DISTOIL_R,23.0,yrs
13532,MID_AT,R_SH_BLR_NGA_R,25.0,yrs
13535,MID_AT,R_SH_FDISTOIL_R,26.0,yrs
13538,MID_AT,R_SH_FHE_DISTOIL_N,26.0,yrs
13545,MID_AT,R_SH_FHE_NGA_N,21.0,yrs
13552,MID_AT,R_SH_FLPG_R,21.0,yrs
13555,MID_AT,R_SH_FNGA_R,21.0,yrs
13558,MID_AT,R_SH_FST_DISTOIL_N,26.0,yrs
13565,MID_AT,R_SH_FST_ELC_N,22.0,yrs
13572,MID_AT,R_SH_FST_LPG_N,21.0,yrs
13579,MID_AT,R_SH_FST_NGA_N,21.0,yrs
13586,MID_AT,R_SH_F_ELC_R,22.0,yrs
13589,MID_AT,R_SH_PLTHE_BIO_N,25.0,yrs
13596,MID_AT,R_SH_PLTST_BIO_N,25.0,yrs
13603,MID_AT,R_SH_RESST_ELC_N,22.0,yrs
13610,MID_AT,R_SH_RES_ELC_R,22.0,yrs
13613,MID_AT,R_SH_WHBIO_R,18.0,yrs
13616,MID_AT,R_SH_WHHE_BIO_N,18.0,yrs
13623,MID_AT,R_SH_WHST_BIO_N,18.0,yrs
13630,MID_AT,R_WH_ELC_R,13.0,yrs
13634,MID_AT,R_WH_ERHE_ELC_N,13.0,yrs
13648,MID_AT,R_WH_ERST_ELC_N,13.0,yrs
13662,MID_AT,R_WH_GFHE_NGA_N,13.0,yrs
13669,MID_AT,R_WH_GFST_NGA_N,13.0,yrs
13676,MID_AT,R_WH_GF_NGA_R,13.0,yrs
13678,MID_AT,R_WH_HPHE_ELC_N,13.0,yrs
13685,MID_AT,R_WH_HPST_ELC_N,13.0,yrs
13692,MID_AT,R_WH_OFHE_DISTOIL_N,13.0,yrs
13699,MID_AT,R_WH_OFST_DISTOIL_N,13.0,yrs
13706,MID_AT,R_WH_OF_DISTOIL_R,13.0,yrs
13708,MID_AT,R_WH_SOLELC_R,22.0,yrs
13714,MID_AT,R_WH_SOLST_ELC_N,22.0,yrs
13728,NE,C_AHPHE_ELC_N,15.0,yrs
13742,NE,C_AHPHE_ELC_R,20.0,yrs
13745,NE,C_AHPST_ELC_N,15.0,yrs
13759,NE,C_AHP_ELC_R,20.0,yrs
13765,NE,C_CK_RANGEHE_ELC_N,12.0,yrs
13772,NE,C_CK_RANGEHE_ELC_R,12.0,yrs
13774,NE,C_CK_RANGEHE_NGA_N,12.0,yrs
13781,NE,C_CK_RANGEHE_NGA_R,12.0,yrs
13783,NE,C_CK_RANGEST_ELC_N,12.0,yrs
13790,NE,C_CK_RANGEST_NGA_N,12.0,yrs
13797,NE,C_CK_RANGE_ELC_R,12.0,yrs
13799,NE,C_CK_RANGE_NGA_R,12.0,yrs
13801,NE,C_GHPHE_ELC_N,14.0,yrs
13815,NE,C_GHPHE_ELC_R,14.0,yrs
13817,NE,C_GHPST_ELC_N,14.0,yrs
13831,NE,C_GHP_ELC_R,14.0,yrs
13835,NE,C_LT_8FTLEDHE_LFL_N,12.0,yrs
13842,NE,C_LT_8FTLEDST_LFL_N,12.0,yrs
13849,NE,C_LT_8FTLUMHE_LFL_N,24.0,yrs
13856,NE,C_LT_8FTLUMST_LFL_N,24.0,yrs
13863,NE,C_LT_8FTT8HE_LFL_N,6.0,yrs
13870,NE,C_LT_8FTT8HOHE_LFL_N,5.0,yrs
13877,NE,C_LT_8FTT8HOST_LFL_N,5.0,yrs
13884,NE,C_LT_8FTT8HO_LFL_R,4.0,yrs
13885,NE,C_LT_8FTT8ST_LFL_N,6.0,yrs
13892,NE,C_LT_8FTT8_LFL_R,6.0,yrs
13893,NE,C_LT_CFLHE_GSL_N,3.0,yrs
13900,NE,C_LT_CFLST_GSL_N,3.0,yrs
13907,NE,C_LT_CFL_GSL_R,3.0,yrs
13908,NE,C_LT_HALST_RFL_N,2.0,yrs
13915,NE,C_LT_HAL_RFL_R,2.0,yrs
13916,NE,C_LT_HIRST_RFL_N,2.0,yrs
13923,NE,C_LT_HIR_RFL_R,2.0,yrs
13924,NE,C_LT_LEDHE_GSL_N,13.0,yrs
13931,NE,C_LT_LEDHE_LFL_N,12.0,yrs
13938,NE,C_LT_LEDHE_RFL_N,13.0,yrs
13945,NE,C_LT_LEDST_GSL_N,13.0,yrs
13952,NE,C_LT_LEDST_LFL_N,12.0,yrs
13959,NE,C_LT_LEDST_RFL_N,13.0,yrs
13966,NE,C_LT_LUMHE_HB_N,24.0,yrs
13973,NE,C_LT_LUMHE_LB_N,24.0,yrs
13980,NE,C_LT_LUMHE_LFL_N,24.0,yrs
13987,NE,C_LT_LUMST_HB_N,24.0,yrs
13994,NE,C_LT_LUMST_LB_N,24.0,yrs
14001,NE,C_LT_LUMST_LFL_N,24.0,yrs
14008,NE,C_LT_LUM_LFL_R,17.0,yrs
14011,NE,C_LT_MERCST_HB_N,6.0,yrs
14018,NE,C_LT_MERCST_LB_N,6.0,yrs
14025,NE,C_LT_MERC_HB_R,6.0,yrs
14026,NE,C_LT_MERC_LB_R,6.0,yrs
14027,NE,C_LT_MTHALST_HB_N,4.0,yrs
14034,NE,C_LT_MTHALST_LB_N,4.0,yrs
14041,NE,C_LT_MTHAL_HB_R,4.0,yrs
14042,NE,C_LT_MTHAL_LB_R,4.0,yrs
14043,NE,C_LT_NAVAPST_HB_N,6.0,yrs
14050,NE,C_LT_NAVAPST_LB_N,6.0,yrs
14057,NE,C_LT_NAVAP_HB_R,6.0,yrs
14058,NE,C_LT_NAVAP_LB_R,6.0,yrs
14059,NE,C_LT_T5HE_LFL_N,8.0,yrs
14066,NE,C_LT_T5HOHE_HB_N,7.0,yrs
14073,NE,C_LT_T5HOST_HB_N,7.0,yrs
14080,NE,C_LT_T5HO_HB_R,6.0,yrs
14081,NE,C_LT_T5ST_LFL_N,8.0,yrs
14088,NE,C_LT_T5_LFL_R,7.0,yrs
14090,NE,C_LT_T8HE_LFL_N,6.0,yrs
14097,NE,C_LT_T8ST_LFL_N,6.0,yrs
14104,NE,C_LT_T8_LFL_R,6.0,yrs
14105,NE,C_OW_DSL_N,25.0,yrs
14112,NE,C_OW_DSL_R,25.0,yrs
14115,NE,C_OW_ELC_N,25.0,yrs
14122,NE,C_OW_ELC_R,25.0,yrs
14125,NE,C_OW_NGA_N,25.0,yrs
14132,NE,C_OW_NGA_R,25.0,yrs
14135,NE,C_RF_BVMHE_ELC_N,10.0,yrs
14142,NE,C_RF_BVMHE_ELC_R,10.0,yrs
14144,NE,C_RF_BVMST_ELC_N,10.0,yrs
14151,NE,C_RF_BVM_ELC_R,10.0,yrs
14153,NE,C_RF_CENHE_ELC_N,10.0,yrs
14160,NE,C_RF_CENST_ELC_N,10.0,yrs
14167,NE,C_RF_CEN_ELC_R,10.0,yrs
14169,NE,C_RF_CMPHE_ELC_N,15.0,yrs
14176,NE,C_RF_CMPST_ELC_N,15.0,yrs
14183,NE,C_RF_CMP_ELC_R,15.0,yrs
14185,NE,C_RF_CNDHE_ELC_N,10.0,yrs
14192,NE,C_RF_CNDST_ELC_N,10.0,yrs
14199,NE,C_RF_CND_ELC_R,10.0,yrs
14201,NE,C_RF_ICMHE_ELC_N,8.0,yrs
14208,NE,C_RF_ICMST_ELC_N,8.0,yrs
14215,NE,C_RF_ICM_ELC_R,8.0,yrs
14217,NE,C_RF_RIFHE_ELC_N,10.0,yrs
14224,NE,C_RF_RIFHE_ELC_R,10.0,yrs
14226,NE,C_RF_RIFST_ELC_N,10.0,yrs
14233,NE,C_RF_RIF_ELC_R,10.0,yrs
14235,NE,C_RF_RIRHE_ELC_N,10.0,yrs
14242,NE,C_RF_RIRHE_ELC_R,10.0,yrs
14244,NE,C_RF_RIRST_ELC_N,10.0,yrs
14251,NE,C_RF_RIR_ELC_R,10.0,yrs
14253,NE,C_RF_RVMHE_ELC_N,14.0,yrs
14260,NE,C_RF_RVMST_ELC_N,14.0,yrs
14267,NE,C_RF_RVM_ELC_R,14.0,yrs
14269,NE,C_RF_WIFHE_ELC_N,10.0,yrs
14276,NE,C_RF_WIFHE_ELC_R,10.0,yrs
14278,NE,C_RF_WIFST_ELC_N,10.0,yrs
14285,NE,C_RF_WIF_ELC_R,10.0,yrs
14287,NE,C_RF_WIRHE_ELC_N,12.0,yrs
14294,NE,C_RF_WIRHE_ELC_R,12.0,yrs
14296,NE,C_RF_WIRST_ELC_N,12.0,yrs
14303,NE,C_RF_WIR_ELC_R,12.0,yrs
14305,NE,C_SC_CCCHE_ELC_N,25.0,yrs
14312,NE,C_SC_CCCHE_ELC_R,25.0,yrs
14315,NE,C_SC_CCCST_ELC_N,25.0,yrs
14322,NE,C_SC_CCC_ELC_R,25.0,yrs
14325,NE,C_SC_CHA_NGA_N,23.0,yrs
14332,NE,C_SC_CHA_NGA_R,23.0,yrs
14335,NE,C_SC_CHEDAHE_N,25.0,yrs
14342,NE,C_SC_CHEDA_R,25.0,yrs
14345,NE,C_SC_CRCHE_ELC_N,20.0,yrs
14352,NE,C_SC_CRCHE_ELC_R,20.0,yrs
14355,NE,C_SC_CRCST_ELC_N,20.0,yrs
14362,NE,C_SC_CRC_ELC_R,20.0,yrs
14365,NE,C_SC_CSCHE_ELC_N,20.0,yrs
14372,NE,C_SC_CSCHE_ELC_R,20.0,yrs
14375,NE,C_SC_CSCST_ELC_N,20.0,yrs
14382,NE,C_SC_CSC_ELC_R,20.0,yrs
14385,NE,C_SC_CSWHE_ELC_N,20.0,yrs
14392,NE,C_SC_CSWHE_ELC_R,20.0,yrs
14395,NE,C_SC_CSWST_ELC_N,20.0,yrs
14402,NE,C_SC_CSW_ELC_R,20.0,yrs
14405,NE,C_SC_RACHE_ELC_N,21.0,yrs
14412,NE,C_SC_RACHE_ELC_R,21.0,yrs
14415,NE,C_SC_RACST_ELC_N,21.0,yrs
14422,NE,C_SC_RACST_NGA_N,15.0,yrs
14429,NE,C_SC_RAC_ELC_R,21.0,yrs
14432,NE,C_SC_RAC_NGA_R,15.0,yrs
14434,NE,C_SH_BHE_DISTOIL_N,26.0,yrs
14441,NE,C_SH_BHE_DISTOIL_R,30.0,yrs
14444,NE,C_SH_BHE_NGA_N,25.0,yrs
14451,NE,C_SH_BHE_NGA_R,25.0,yrs
14454,NE,C_SH_BST_DISTOIL_N,26.0,yrs
14461,NE,C_SH_BST_ELC_N,15.0,yrs
14468,NE,C_SH_BST_NGA_N,25.0,yrs
14475,NE,C_SH_B_DISTOIL_R,30.0,yrs
14478,NE,C_SH_B_ELC_R,15.0,yrs
14480,NE,C_SH_B_NGA_R,30.0,yrs
14483,NE,C_SH_ERST_ELC_N,18.0,yrs
14490,NE,C_SH_ER_ELC_R,18.0,yrs
14493,NE,C_SH_FHE_NGA_N,23.0,yrs
14500,NE,C_SH_FHE_NGA_R,23.0,yrs
14503,NE,C_SH_FST_DISTOIL_N,23.0,yrs
14510,NE,C_SH_FST_NGA_N,23.0,yrs
14517,NE,C_SH_F_DISTOIL_R,23.0,yrs
14520,NE,C_SH_F_NGA_R,23.0,yrs
14523,NE,C_VT_CAVHE_ELC_N,20.0,yrs
14530,NE,C_VT_CAVST_ELC_N,20.0,yrs
14537,NE,C_VT_CAV_ELC_R,20.0,yrs
14540,NE,C_VT_VAVHE_ELC_N,20.0,yrs
14547,NE,C_VT_VAVST_ELC_N,20.0,yrs
14554,NE,C_VT_VAV_ELC_R,20.0,yrs
14557,NE,C_WH_DWHHE_DISTOIL_N,13.0,yrs
14564,NE,C_WH_DWHHE_DISTOIL_R,13.0,yrs
14566,NE,C_WH_DWHST_DISTOIL_N,13.0,yrs
14573,NE,C_WH_DWH_DISTOIL_R,13.0,yrs
14575,NE,C_WH_EWHST_ELC_N,12.0,yrs
14582,NE,C_WH_HPST_ELC_N,15.0,yrs
14589,NE,C_WH_HP_ELC_R,15.0,yrs
14591,NE,C_WH_NWHHE_NGA_N,10.0,yrs
14598,NE,C_WH_NWHHE_NGA_R,10.0,yrs
14600,NE,C_WH_NWHST_NGA_N,10.0,yrs
14607,NE,C_WH_NWH_NGA_R,13.0,yrs
14609,NE,C_WH_SOLST_ELC_N,20.0,yrs
14616,NE,C_WH_SOLST_ELC_R,20.0,yrs
14619,NE,C_WH_SOL_ELC_R,20.0,yrs
14622,NE,R_CD_ELC_R,13.0,yrs
14624,NE,R_CD_HE_ELC_N,13.0,yrs
14631,NE,R_CD_HE_NGA_N,13.0,yrs
14638,NE,R_CD_NGA_R,13.0,yrs
14640,NE,R_CD_ST_ELC_N,13.0,yrs
14647,NE,R_CD_ST_NGA_N,13.0,yrs
14654,NE,R_CK_OVHE_NGA_N,12.0,yrs
14661,NE,R_CK_OVST_NGA_N,12.0,yrs
14668,NE,R_CK_OV_NGA_R,12.0,yrs
14670,NE,R_CK_TOPHE_ELC_N,19.0,yrs
14677,NE,R_CK_TOPHE_NGA_N,12.0,yrs
14684,NE,R_CK_TOPST_ELC_N,15.0,yrs
14691,NE,R_CK_TOPST_NGA_N,12.0,yrs
14698,NE,R_CK_TOP_ELC_R,15.0,yrs
14700,NE,R_CK_TOP_NGA_R,12.0,yrs
14702,NE,R_DW_ELC_R,14.0,yrs
14704,NE,R_DW_HE_ELC_N,14.0,yrs
14711,NE,R_DW_ST_ELC_N,14.0,yrs
14718,NE,R_FZ_CHESTHE_N,22.0,yrs
14725,NE,R_FZ_CHESTST_N,22.0,yrs
14732,NE,R_FZ_CHEST_R,22.0,yrs
14735,NE,R_FZ_UPRIGHTHE_N,22.0,yrs
14742,NE,R_FZ_UPRIGHTST_N,22.0,yrs
14749,NE,R_FZ_UPRIGHT_R,22.0,yrs
14752,NE,R_HPELC_R,15.0,yrs
14760,NE,R_HPHE_ELC_N,15.0,yrs
14788,NE,R_HPHE_GEO_N,14.0,yrs
14816,NE,R_HPST_ELC_N,15.0,yrs
14844,NE,R_HPST_GEO_N,14.0,yrs
14872,NE,R_HPST_NGA_N,15.0,yrs
14879,NE,R_HP_GEO_R,14.0,yrs
14887,NE,R_HP_NGA_N,15.0,yrs
14894,NE,R_HP_NGA_R,15.0,yrs
14898,NE,R_LT_CFLHE_GSL_N,17.0,yrs
14905,NE,R_LT_CFLHE_RFL_N,17.0,yrs
14912,NE,R_LT_CFLST_GSL_N,17.0,yrs
14919,NE,R_LT_CFLST_RFL_N,17.0,yrs
14926,NE,R_LT_CFLST_ROL_N,10.0,yrs
14933,NE,R_LT_CFL_GSL_R,15.0,yrs
14935,NE,R_LT_CFL_RFL_R,12.0,yrs
14937,NE,R_LT_CFL_ROL_R,9.0,yrs
14939,NE,R_LT_HALST_RFL_N,2.0,yrs
14946,NE,R_LT_HALST_ROL_N,2.0,yrs
14953,NE,R_LT_HAL_RFL_R,2.0,yrs
14954,NE,R_LT_HAL_ROL_R,2.0,yrs
14955,NE,R_LT_HIRST_RFL_N,7.0,yrs
14962,NE,R_LT_HIRST_ROL_N,4.0,yrs
14969,NE,R_LT_HIR_RFL_R,6.0,yrs
14970,NE,R_LT_INCST_RFL_N,3.0,yrs
14977,NE,R_LT_INCST_ROL_N,2.0,yrs
14984,NE,R_LT_INC_RFL_R,3.0,yrs
14985,NE,R_LT_INC_ROL_R,2.0,yrs
14986,NE,R_LT_LED60HE_GSL_N,76.0,yrs
14993,NE,R_LT_LED60ST_GSL_N,76.0,yrs
15000,NE,R_LT_LED60_GSL_R,31.0,yrs
15003,NE,R_LT_LEDHE_LUM_N,145.0,yrs
15010,NE,R_LT_LEDHE_RFL_N,77.0,yrs
15017,NE,R_LT_LEDHE_ROL_N,47.0,yrs
15024,NE,R_LT_LEDST_LUM_N,145.0,yrs
15031,NE,R_LT_LEDST_RFL_N,77.0,yrs
15038,NE,R_LT_LEDST_ROL_N,47.0,yrs
15045,NE,R_LT_LLRHE_L2L_N,73.0,yrs
15052,NE,R_LT_LLRST_L2L_N,73.0,yrs
15059,NE,R_LT_T5HE_LFL_N,47.0,yrs
15066,NE,R_LT_T5ST_LFL_N,47.0,yrs
15073,NE,R_LT_T8HE_LFL_N,38.0,yrs
15080,NE,R_LT_T8ST_LFL_N,34.0,yrs
15087,NE,R_LT_T8_LFL_R,29.0,yrs
15090,NE,R_OW_ELC_N,25.0,yrs
15097,NE,R_OW_ELC_R,25.0,yrs
15100,NE,R_RF_BFELC_R,17.0,yrs
15103,NE,R_RF_BFHE_ELC_N,17.0,yrs
15110,NE,R_RF_BFST_ELC_N,17.0,yrs
15117,NE,R_RF_SFELC_R,17.0,yrs
15120,NE,R_RF_SFHE_ELC_N,17.0,yrs
15127,NE,R_RF_SFST_ELC_N,17.0,yrs
15134,NE,R_RF_TFELC_R,17.0,yrs
15137,NE,R_RF_TFHE_ELC_N,17.0,yrs
15144,NE,R_RF_TFST_ELC_N,17.0,yrs
15151,NE,R_SC_CACELC_R,18.0,yrs
15157,NE,R_SC_CACHE_ELC_N,18.0,yrs
15171,NE,R_SC_CACST_ELC_N,18.0,yrs
15185,NE,R_SC_RACELC_R,9.0,yrs
15189,NE,R_SC_RACHE_ELC_N,9.0,yrs
15203,NE,R_SC_RACST_ELC_N,9.0,yrs
15217,NE,R_SH_BLRHE_DISTOIL_N,23.0,yrs
15224,NE,R_SH_BLRHE_NGA_N,25.0,yrs
15231,NE,R_SH_BLRST_DISTOIL_N,23.0,yrs
15238,NE,R_SH_BLRST_NGA_N,25.0,yrs
15245,NE,R_SH_BLR_DISTOIL_R,23.0,yrs
15248,NE,R_SH_BLR_NGA_R,25.0,yrs
15251,NE,R_SH_FDISTOIL_R,26.0,yrs
15254,NE,R_SH_FHE_DISTOIL_N,26.0,yrs
15261,NE,R_SH_FHE_NGA_N,21.0,yrs
15268,NE,R_SH_FLPG_R,21.0,yrs
15271,NE,R_SH_FNGA_R,21.0,yrs
15274,NE,R_SH_FST_DISTOIL_N,26.0,yrs
15281,NE,R_SH_FST_ELC_N,22.0,yrs
15288,NE,R_SH_FST_LPG_N,21.0,yrs
15295,NE,R_SH_FST_NGA_N,21.0,yrs
15302,NE,R_SH_F_ELC_R,22.0,yrs
15305,NE,R_SH_PLTHE_BIO_N,25.0,yrs
15312,NE,R_SH_PLTST_BIO_N,25.0,yrs
15319,NE,R_SH_RESST_ELC_N,22.0,yrs
15326,NE,R_SH_RES_ELC_R,22.0,yrs
15329,NE,R_SH_WHBIO_R,18.0,yrs
15332,NE,R_SH_WHHE_BIO_N,18.0,yrs
15339,NE,R_SH_WHST_BIO_N,18.0,yrs
15346,NE,R_WH_ELC_R,13.0,yrs
15350,NE,R_WH_ERHE_ELC_N,13.0,yrs
15364,NE,R_WH_ERST_ELC_N,13.0,yrs
15378,NE,R_WH_GFHE_NGA_N,13.0,yrs
15385,NE,R_WH_GFST_NGA_N,13.0,yrs
15392,NE,R_WH_GF_NGA_R,13.0,yrs
15394,NE,R_WH_HPHE_ELC_N,13.0,yrs
15401,NE,R_WH_HPST_ELC_N,13.0,yrs
15408,NE,R_WH_OFHE_DISTOIL_N,13.0,yrs
15415,NE,R_WH_OFST_DISTOIL_N,13.0,yrs
15422,NE,R_WH_OF_DISTOIL_R,13.0,yrs
15424,NE,R_WH_SOLELC_R,22.0,yrs
15430,NE,R_WH_SOLST_ELC_N,22.0,yrs
